player,runs,balls,fours,sixes,outs,format,average,strike_rate,boundary_runs,boundary_percent,balls_per_boundary
V Kohli,9346,7127,847,317,229,IPL,40.81,131.14,5290,56.6,6.12
RG Sharma,7331,5659,661,324,244,IPL,30.05,129.55,4588,62.58,5.75
S Dhawan,6769,5483,768,153,187,IPL,36.2,123.45,3990,58.95,5.95
DA Warner,6567,4849,663,236,158,IPL,41.56,135.43,4068,61.95,5.39
KL Rahul,5828,4302,509,239,125,IPL,46.62,135.47,3470,59.54,5.75
SK Raina,5536,4177,506,204,162,IPL,34.17,132.54,3248,58.67,5.88
MS Dhoni,5439,4101,375,264,139,IPL,39.13,132.63,3084,56.7,6.42
AM Rahane,5367,4391,540,141,172,IPL,31.2,122.23,3006,56.01,6.45
SV Samson,5181,3770,432,243,159,IPL,32.58,137.43,3186,61.49,5.59
AB de Villiers,5181,3487,414,253,122,IPL,42.47,148.58,3174,61.26,5.23
CH Gayle,4997,3516,408,359,125,IPL,39.98,142.12,3786,75.77,4.58
RV Uthappa,4954,3927,481,182,175,IPL,28.31,126.15,3016,60.88,5.92
KD Karthik,4843,3687,466,161,175,IPL,27.67,131.35,2830,58.43,5.88
F du Plessis,4773,3605,440,174,128,IPL,37.29,132.4,2804,58.75,5.87
JC Buttler,4647,3208,459,211,115,IPL,40.41,144.86,3102,66.75,4.79
Shubman Gill,4598,3339,446,152,111,IPL,41.42,137.71,2696,58.63,5.58
SA Yadav,4581,3154,482,178,133,IPL,34.44,145.24,2996,65.4,4.78
AT Rayudu,4348,3490,359,173,148,IPL,29.38,124.58,2474,56.9,6.56
SS Iyer,4233,3211,354,182,118,IPL,35.87,131.83,2508,59.25,5.99
G Gambhir,4217,3524,492,59,128,IPL,32.95,119.67,2322,55.06,6.4
MK Pandey,4021,3406,348,118,135,IPL,29.79,118.06,2100,52.23,7.31
SR Watson,3880,2892,377,190,124,IPL,31.29,134.16,2648,68.25,5.1
RR Pant,3879,2739,351,181,111,IPL,34.95,141.62,2490,64.19,5.15
Ishan Kishan,3600,2579,348,166,115,IPL,31.3,139.59,2388,66.33,5.02
RA Jadeja,3526,2816,264,122,119,IPL,29.63,125.21,1788,50.71,7.3
Q de Kock,3444,2618,334,143,108,IPL,31.89,131.55,2194,63.7,5.49
KA Pollard,3437,2447,221,224,120,IPL,28.64,140.46,2228,64.82,5.5
DA Miller,3288,2441,235,152,90,IPL,36.53,134.7,1852,56.33,6.31
YK Pathan,3222,2334,263,161,105,IPL,30.69,138.05,2018,62.63,5.5
N Rana,3078,2314,288,151,111,IPL,27.73,133.02,2058,66.86,5.27
HH Pandya,2964,2116,228,157,104,IPL,28.5,140.08,1854,62.55,5.5
WP Saha,2934,2368,296,87,118,IPL,24.86,123.9,1706,58.15,6.18
BB McCullum,2882,2272,293,130,102,IPL,28.25,126.85,1952,67.73,5.37
PA Patel,2848,2442,365,49,121,IPL,23.54,116.63,1754,61.59,5.9
RD Gaikwad,2839,2154,260,107,72,IPL,39.43,131.8,1682,59.25,5.87
GJ Maxwell,2820,1896,238,161,114,IPL,24.74,148.73,1918,68.01,4.75
MA Agarwal,2764,2146,275,100,117,IPL,23.62,128.8,1700,61.51,5.72
Yuvraj Singh,2754,2207,218,149,107,IPL,25.74,124.78,1766,64.12,6.01
V Sehwag,2728,1833,334,106,95,IPL,28.72,148.83,1972,72.29,4.17
AD Russell,2655,1626,187,223,90,IPL,29.5,163.28,2086,78.57,3.97
M Vijay,2619,2208,247,91,93,IPL,28.16,118.61,1534,58.57,6.53
YBK Jaiswal,2593,1750,311,110,76,IPL,34.12,148.17,1904,73.43,4.16
N Pooran,2527,1629,169,186,80,IPL,31.59,155.13,1792,70.91,4.59
B Sai Sudharsan,2515,1760,258,83,51,IPL,49.31,142.9,1530,60.83,5.16
SPD Smith,2495,1999,226,60,70,IPL,35.64,124.81,1264,50.66,6.99
SE Marsh,2489,1913,269,78,62,IPL,40.15,130.11,1544,62.03,5.51
JH Kallis,2427,2291,255,44,83,IPL,29.24,105.94,1284,52.9,7.66
DR Smith,2385,1803,245,117,80,IPL,29.81,132.28,1682,70.52,4.98
Abhishek Sharma,2379,1471,224,144,80,IPL,29.74,161.73,1760,73.98,4.0
SR Tendulkar,2334,2044,296,29,67,IPL,34.84,114.19,1358,58.18,6.29
RA Tripathi,2291,1707,229,85,85,IPL,26.95,134.21,1426,62.24,5.44
D Padikkal,2270,1779,241,80,84,IPL,27.02,127.6,1444,63.61,5.54
MP Stoinis,2242,1588,181,117,77,IPL,29.12,141.18,1426,63.6,5.33
R Dravid,2174,1918,269,28,75,IPL,28.99,113.35,1244,57.22,6.46
KS Williamson,2132,1734,187,64,58,IPL,36.76,122.95,1132,53.1,6.91
S Dube,2129,1555,132,137,67,IPL,31.78,136.91,1350,63.41,5.78
H Klaasen,2104,1320,146,120,49,IPL,42.94,159.39,1304,61.98,4.96
AJ Finch,2092,1696,214,78,82,IPL,25.51,123.35,1324,63.29,5.81
AR Patel,2089,1635,146,100,94,IPL,22.22,127.77,1184,56.68,6.65
AC Gilchrist,2069,1555,239,92,75,IPL,27.59,133.05,1508,72.89,4.7
JP Duminy,2029,1680,126,79,48,IPL,42.27,120.77,978,48.2,8.2
KH Pandya,1982,1539,173,76,83,IPL,23.88,128.78,1148,57.92,6.18
MEK Hussey,1977,1648,198,52,49,IPL,40.35,119.96,1104,55.84,6.59
PP Shaw,1892,1321,238,61,76,IPL,24.89,143.22,1318,69.66,4.42
R Parag,1879,1359,136,108,71,IPL,26.46,138.26,1192,63.44,5.57
P Simran Singh,1865,1220,196,94,62,IPL,30.08,152.87,1348,72.28,4.21
Tilak Varma,1858,1344,143,91,50,IPL,37.16,138.24,1118,60.17,5.74
MR Marsh,1855,1291,155,111,56,IPL,33.12,143.69,1286,69.33,4.85
SP Narine,1820,1178,191,120,98,IPL,18.57,154.5,1484,81.54,3.79
DPMD Jayawardene,1808,1522,200,40,59,IPL,30.64,118.79,1040,57.52,6.34
KK Nair,1712,1332,188,49,70,IPL,24.46,128.53,1046,61.1,5.62
Mandeep Singh,1706,1418,176,38,80,IPL,21.32,120.31,932,54.63,6.63
MK Tiwary,1695,1489,156,40,57,IPL,29.74,113.83,864,50.97,7.6
KC Sangakkara,1687,1424,195,27,65,IPL,25.95,118.47,942,55.84,6.41
VR Iyer,1677,1223,157,78,53,IPL,31.64,137.12,1096,65.35,5.2
JM Bairstow,1674,1181,173,74,47,IPL,35.62,141.74,1136,67.86,4.78
AK Markram,1671,1264,131,68,55,IPL,30.38,132.2,932,55.77,6.35
RM Patidar,1612,1035,106,110,47,IPL,34.3,155.75,1084,67.25,4.79
SO Hetmyer,1566,1110,99,96,56,IPL,27.96,141.08,972,62.07,5.69
DJ Bravo,1560,1247,120,66,68,IPL,22.94,125.1,876,56.15,6.7
TM Head,1556,959,172,78,47,IPL,33.11,162.25,1156,74.29,3.84
NV Ojha,1554,1360,121,79,72,IPL,21.58,114.26,958,61.65,6.8
DJ Hooda,1497,1213,98,62,79,IPL,18.95,123.41,764,51.04,7.58
SS Tiwary,1494,1291,111,50,49,IPL,30.49,115.72,744,49.8,8.02
S Badrinath,1441,1245,154,28,46,IPL,31.33,115.74,784,54.41,6.84
EJG Morgan,1406,1181,112,64,59,IPL,23.83,119.05,832,59.17,6.71
BJ Hodge,1400,1153,122,43,41,IPL,34.15,121.42,746,53.29,6.99
RK Singh,1398,1005,115,67,41,IPL,34.1,139.1,862,61.66,5.52
SC Ganguly,1349,1326,137,42,52,IPL,25.94,101.73,800,59.3,7.41
CA Lynn,1329,974,132,66,38,IPL,34.97,136.45,924,69.53,4.92
DJ Hussey,1322,1101,90,60,46,IPL,28.74,120.07,720,54.46,7.34
R Tewatia,1302,994,110,62,53,IPL,24.57,130.99,812,62.37,5.78
PD Salt,1258,746,138,67,37,IPL,34.0,168.63,954,75.83,3.64
V Shankar,1233,985,88,48,46,IPL,26.8,125.18,640,51.91,7.24
KM Jadhav,1208,1012,102,40,51,IPL,23.69,119.37,648,53.64,7.13
Dhruv Jurel,1195,801,98,62,36,IPL,33.19,149.19,764,63.93,5.01
A Badoni,1178,885,96,47,45,IPL,26.18,133.11,666,56.54,6.19
MM Ali,1167,865,95,67,51,IPL,22.88,134.91,782,67.01,5.34
TM Dilshan,1153,1047,140,24,40,IPL,28.82,110.12,704,61.06,6.38
TH David,1151,697,76,83,34,IPL,33.85,165.14,802,69.68,4.38
IK Pathan,1150,985,88,38,49,IPL,23.47,116.75,580,50.43,7.82
ML Hayden,1107,839,121,44,28,IPL,39.54,131.94,748,67.57,5.08
JM Sharma,1107,752,86,68,48,IPL,23.06,147.21,752,67.93,4.88
M Vohra,1083,863,104,43,47,IPL,23.04,125.49,674,62.23,5.87
DP Conway,1080,794,117,34,24,IPL,45.0,136.02,672,62.22,5.26
LMP Simmons,1079,878,109,44,26,IPL,41.5,122.89,700,64.87,5.74
LS Livingstone,1066,725,70,76,41,IPL,26.0,147.03,736,69.04,4.97
C Green,1029,702,84,49,26,IPL,39.58,146.58,630,61.22,5.28
V Suryavanshi,1028,473,81,96,23,IPL,44.7,217.34,900,87.55,2.67
LRPL Taylor,1017,847,66,46,38,IPL,26.76,120.07,540,53.1,7.56
KP Pietersen,1001,758,91,40,27,IPL,37.07,132.06,604,60.34,5.79
MC Henriques,1000,801,87,28,36,IPL,27.78,124.84,516,51.6,6.97
SM Curran,997,761,85,41,40,IPL,24.92,131.01,586,58.78,6.04
T Stubbs,986,667,69,47,21,IPL,46.95,147.83,558,56.59,5.75
Y Venugopal Rao,985,865,77,37,42,IPL,23.45,113.87,530,53.81,7.59
JA Morkel,975,712,61,55,38,IPL,25.66,136.94,574,58.87,6.14
A Symonds,974,781,74,41,24,IPL,40.58,124.71,542,55.65,6.79
CL White,971,774,76,38,34,IPL,28.56,125.45,532,54.79,6.79
BA Stokes,935,718,81,32,38,IPL,24.61,130.22,516,55.19,6.35
Priyansh Arya,909,491,87,63,31,IPL,29.32,185.13,726,79.87,3.27
Shashank Singh,905,588,67,51,24,IPL,37.71,153.91,574,63.43,4.98
Washington Sundar,888,689,82,28,41,IPL,21.66,128.88,496,55.86,6.26
HH Gibbs,886,837,83,31,31,IPL,28.58,105.85,518,58.47,7.34
A Raghuvanshi,885,628,86,35,24,IPL,36.88,140.92,554,62.6,5.19
STR Binny,880,700,66,35,43,IPL,20.47,125.71,474,53.86,6.93
Abdul Samad,859,598,55,55,44,IPL,19.52,143.65,550,64.03,5.44
RD Rickelton,836,513,78,55,24,IPL,34.83,162.96,642,76.79,3.86
R Ashwin,833,728,64,29,61,IPL,13.66,114.42,430,51.62,7.83
Harbhajan Singh,833,636,79,42,51,IPL,16.33,130.97,568,68.19,5.26
MS Bisla,798,737,93,23,36,IPL,22.17,108.28,510,63.91,6.35
Shakib Al Hasan,795,665,73,21,39,IPL,20.38,119.55,418,52.58,7.07
Nithish Kumar Reddy,787,566,50,46,27,IPL,29.15,139.05,476,60.48,5.9
N Wadhera,784,583,64,43,32,IPL,24.5,134.48,514,65.56,5.45
M Shahrukh Khan,775,551,49,52,34,IPL,22.79,140.65,508,65.55,5.46
Abishek Porel,769,548,80,28,30,IPL,25.63,140.33,488,63.46,5.07
ST Jayasuriya,768,573,84,39,28,IPL,27.43,134.03,570,74.22,4.66
SN Khan,746,556,86,20,33,IPL,22.61,134.17,464,62.2,5.25
GC Smith,739,691,94,9,26,IPL,28.42,106.95,430,58.19,6.71
AD Mathews,724,599,44,29,28,IPL,25.86,120.87,350,48.34,8.21
Naman Dhir,710,444,68,36,26,IPL,27.31,159.91,488,68.73,4.27
TL Suman,676,587,55,26,30,IPL,22.53,115.16,376,55.62,7.25
AM Nayar,672,588,55,20,36,IPL,18.67,114.29,340,50.6,7.84
GJ Bailey,663,552,59,19,26,IPL,25.5,120.11,350,52.79,7.08
E Lewis,654,499,62,36,24,IPL,27.25,131.06,464,70.95,5.09
PJ Cummins,642,437,40,44,32,IPL,20.06,146.91,424,66.04,5.2
Rashid Khan,635,432,45,43,46,IPL,13.8,146.99,438,68.98,4.91
PP Chawla,624,580,56,20,53,IPL,11.77,107.59,344,55.13,7.63
CH Morris,618,413,41,35,28,IPL,22.07,149.64,374,60.52,5.43
JJ Roy,614,460,75,21,19,IPL,32.32,133.48,426,69.38,4.79
D Brevis,606,432,38,43,24,IPL,25.25,140.28,410,67.66,5.33
JD Ryder,604,466,69,19,27,IPL,22.37,129.61,390,64.57,5.3
Shahbaz Ahmed,603,516,33,28,28,IPL,21.54,116.86,300,49.75,8.46
WG Jacks,602,385,50,38,21,IPL,28.67,156.36,428,71.1,4.38
HM Amla,577,418,60,21,13,IPL,44.38,138.04,366,63.43,5.16
Ashutosh Sharma,564,356,39,40,19,IPL,29.68,158.43,396,70.21,4.51
R Powell,555,409,38,38,24,IPL,23.12,135.7,380,68.47,5.38
JP Inglis,544,328,58,28,14,IPL,38.86,165.85,400,73.53,3.81
CJ Anderson,538,436,40,31,22,IPL,24.45,123.39,346,64.31,6.14
RS Bopara,531,468,39,16,17,IPL,31.24,113.46,252,47.46,8.51
MK Lomror,527,389,33,30,29,IPL,18.17,135.48,312,59.2,6.17
JP Faulkner,527,406,36,23,26,IPL,20.27,129.8,282,53.51,6.88
SE Rutherford,520,393,30,38,21,IPL,24.76,132.32,348,66.92,5.78
M Manhas,514,486,43,10,23,IPL,22.35,105.76,232,45.14,9.17
Gurkeerat Singh,511,436,55,11,24,IPL,21.29,117.2,286,55.97,6.61
OA Shah,506,405,34,23,12,IPL,42.17,124.94,274,54.15,7.11
PC Valthaty,505,432,61,20,22,IPL,22.95,116.9,364,72.08,5.33
SW Billings,503,399,40,20,26,IPL,19.35,126.07,280,55.67,6.65
C Connolly,491,316,43,32,11,IPL,44.64,155.38,364,74.13,4.21
RR Rossouw,473,321,45,25,20,IPL,23.65,147.35,330,69.77,4.59
DT Christian,460,408,23,19,27,IPL,17.04,112.75,206,44.78,9.71
A Mhatre,441,250,51,23,12,IPL,36.75,176.4,342,77.55,3.38
NLTC Perera,424,326,23,26,22,IPL,19.27,130.06,248,58.49,6.65
Sameer Rizvi,424,304,30,26,14,IPL,30.29,139.47,276,65.09,5.43
SA Asnodkar,423,352,56,10,18,IPL,23.5,120.17,284,67.14,5.33
JR Hopes,417,314,49,11,16,IPL,26.06,132.8,262,62.83,5.23
R Ravindra,413,298,40,16,16,IPL,25.81,138.59,256,61.99,5.32
J Botha,409,364,39,5,20,IPL,20.45,112.36,186,45.48,8.27
LR Shukla,405,358,33,16,27,IPL,15.0,113.13,228,56.3,7.31
AL Menaria,401,367,24,18,21,IPL,19.1,109.26,204,50.87,8.74
MV Boucher,394,318,32,13,14,IPL,28.14,123.9,206,52.28,7.07
CA Pujara,390,403,50,4,18,IPL,21.67,96.77,224,57.44,7.46
Azhar Mahmood,388,311,39,13,19,IPL,20.42,124.76,234,60.31,5.98
J Fraser-McGurk,385,203,39,30,14,IPL,27.5,189.66,336,87.27,2.94
A Mishra,381,440,31,5,28,IPL,13.61,86.59,154,40.42,12.22
KR Mayers,379,276,38,22,13,IPL,29.15,137.32,284,74.93,4.6
DB Ravi Teja,375,325,35,9,19,IPL,19.74,115.38,194,51.73,7.39
S Sohal,368,311,34,18,18,IPL,20.44,118.33,244,66.3,5.98
P Negi,365,301,27,16,22,IPL,16.59,121.26,204,55.89,7.0
Rahmanullah Gurbaz,363,283,34,22,17,IPL,21.35,128.27,268,73.83,5.05
B Kumar,354,392,34,4,35,IPL,10.11,90.31,160,45.2,10.32
KV Sharma,352,307,20,17,24,IPL,14.67,114.66,182,51.7,8.3
DJ Mitchell,351,274,28,10,13,IPL,27.0,128.1,172,49.0,7.21
SN Thakur,349,276,32,13,28,IPL,12.46,126.45,206,59.03,6.13
FH Allen,349,168,33,28,10,IPL,34.9,207.74,300,85.96,2.75
R Bhatia,342,290,24,13,29,IPL,11.79,117.93,174,50.88,7.84
P Kumar,340,323,22,17,34,IPL,10.0,105.26,190,55.88,8.28
AP Tare,339,285,40,11,24,IPL,14.12,118.95,226,66.67,5.59
JEC Franklin,327,309,25,9,11,IPL,29.73,105.83,154,47.09,9.09
JC Archer,326,232,18,22,24,IPL,13.58,140.52,204,62.58,5.8
RN ten Doeschate,326,238,26,15,14,IPL,23.29,136.97,194,59.51,5.8
D Ferreira,326,195,26,23,12,IPL,27.17,167.18,242,74.23,3.98
JO Holder,324,272,16,21,26,IPL,12.46,119.12,190,58.64,7.35
Anuj Rawat,318,276,26,14,14,IPL,22.71,115.22,188,59.12,6.9
Aniket Verma,315,205,18,25,14,IPL,22.5,153.66,222,70.48,4.77
R Vinay Kumar,310,289,21,9,25,IPL,12.4,107.27,138,44.52,9.63
Lalit Yadav,305,301,27,7,15,IPL,20.33,101.33,150,49.18,8.85
DB Das,304,267,23,16,12,IPL,25.33,113.86,188,61.84,6.85
C de Grandhomme,303,229,18,18,14,IPL,21.64,132.31,180,59.41,6.36
LA Pomersbach,302,251,25,13,10,IPL,30.2,120.32,178,58.94,6.61
UBT Chand,300,314,32,9,20,IPL,15.0,95.54,182,60.67,7.66
Ramandeep Singh,299,212,17,19,16,IPL,18.69,141.04,182,60.87,5.89
Kartik Sharma,295,220,24,16,9,IPL,32.78,134.09,192,65.08,5.5
DJG Sammy,295,251,15,18,15,IPL,19.67,117.53,168,56.95,7.61
SP Goswami,293,307,32,3,19,IPL,15.42,95.44,146,49.83,8.77
A Manohar,292,243,23,14,19,IPL,15.37,120.16,176,60.27,6.57
Y Nagar,285,271,20,9,14,IPL,20.36,105.17,134,47.02,9.34
GH Vihari,284,331,23,1,19,IPL,14.95,85.8,98,34.51,13.79
VVS Laxman,282,271,33,5,16,IPL,17.62,104.06,162,57.45,7.13
HV Patel,280,250,18,15,28,IPL,10.0,112.0,162,57.86,7.58
B Chipli,280,256,28,7,15,IPL,18.67,109.38,154,55.0,7.31
A Ashish Reddy,280,196,16,15,15,IPL,18.67,142.86,154,55.0,6.32
MJ Lumb,278,198,45,6,10,IPL,27.8,140.4,216,77.7,3.88
P Nissanka,278,180,33,12,10,IPL,27.8,154.44,204,73.38,4.0
PBB Rajapaksa,277,201,22,15,12,IPL,23.08,137.81,178,64.26,5.43
PK Garg,273,247,16,9,18,IPL,15.17,110.53,118,43.22,9.88
MJ Guptill,271,197,24,15,12,IPL,22.58,137.56,186,68.63,5.05
R Sathish,270,236,22,6,16,IPL,16.88,114.41,124,45.93,8.43
R Shepherd,268,161,18,22,11,IPL,24.36,166.46,204,76.12,4.03
K Rabada,262,256,21,11,18,IPL,14.56,102.34,150,57.25,8.0
Atharva Taide,260,188,30,8,9,IPL,28.89,138.3,168,64.62,4.95
M Kaif,259,258,22,6,16,IPL,16.19,100.39,124,47.88,9.21
Harpreet Brar,249,217,20,10,12,IPL,20.75,114.75,140,56.22,7.23
K Gowtham,247,159,15,17,18,IPL,13.72,155.35,162,65.59,4.97
SM Katich,241,191,26,8,9,IPL,26.78,126.18,152,63.07,5.62
BCJ Cutting,238,146,15,19,10,IPL,23.8,163.01,174,73.11,4.29
MD Mishra,237,213,24,8,15,IPL,15.8,111.27,144,60.76,6.66
Mohammad Nabi,221,157,18,12,16,IPL,13.81,140.76,144,65.16,5.23
SB Dubey,220,148,17,13,10,IPL,22.0,148.65,146,66.36,4.93
K Goel,218,239,17,9,13,IPL,16.77,91.21,122,55.96,9.19
AA Jhunjhunwala,217,218,19,5,12,IPL,18.08,99.54,106,48.85,9.08
R Dhawan,210,188,18,7,10,IPL,21.0,111.7,114,54.29,7.52
Kuldeep Yadav,210,263,18,3,14,IPL,15.0,79.85,90,42.86,12.52
UT Yadav,208,211,16,9,20,IPL,10.4,98.58,118,56.73,8.44
CA Ingram,205,183,22,5,12,IPL,17.08,112.02,118,57.56,6.78
PD Collingwood,203,159,9,13,4,IPL,50.75,127.67,114,56.16,7.23
JD Unadkat,201,173,16,7,13,IPL,15.46,116.18,106,52.74,7.52
KS Bharat,199,168,12,8,7,IPL,28.43,118.45,96,48.24,8.4
SK Warne,198,219,14,6,17,IPL,11.65,90.41,92,46.46,10.95
Urvil Patel,197,102,11,20,10,IPL,19.7,193.14,164,83.25,3.29
SP Fleming,196,171,27,3,9,IPL,21.78,114.62,126,64.29,5.7
AS Raut,194,172,13,7,9,IPL,21.56,112.79,94,48.45,8.6
BJ Rohrer,193,146,21,5,7,IPL,27.57,132.19,114,59.07,5.62
Salman Butt,193,172,30,2,7,IPL,27.57,112.21,132,68.39,5.38
YV Takawale,192,183,26,3,8,IPL,24.0,104.92,122,63.54,6.31
M Jansen,192,186,9,9,15,IPL,12.8,103.23,90,46.88,10.33
HC Brook,190,159,23,4,9,IPL,21.11,119.5,116,61.05,5.89
Bipul Sharma,187,124,11,9,6,IPL,31.17,150.81,98,52.41,6.2
FY Fazal,183,179,22,1,9,IPL,20.33,102.23,94,51.37,7.78
SD Hope,183,125,12,12,7,IPL,26.14,146.4,120,65.57,5.21
MS Wade,183,185,23,2,13,IPL,14.08,98.92,104,56.83,7.4
Sikandar Raza,182,143,12,8,7,IPL,26.0,127.27,96,52.75,7.15
CR Brathwaite,181,120,10,16,13,IPL,13.92,150.83,136,75.14,4.62
AC Voges,181,143,15,3,4,IPL,45.25,126.57,78,43.09,7.94
S Gopal,180,173,19,2,12,IPL,15.0,104.05,88,48.89,8.24
AB Agarkar,179,160,13,5,8,IPL,22.38,111.87,82,45.81,8.89
MF Maharoof,177,124,12,9,10,IPL,17.7,142.74,102,57.63,5.9
C Munro,177,144,19,8,9,IPL,19.67,122.92,124,70.06,5.33
MW Short,177,153,21,5,9,IPL,19.67,115.69,114,64.41,5.88
DH Yagnik,170,142,23,2,9,IPL,18.89,119.72,104,61.18,5.68
MD Choudhary,170,122,11,12,6,IPL,28.33,139.34,116,68.24,5.3
CM Gautam,169,158,17,6,9,IPL,18.78,106.96,104,61.54,6.87
MN van Wyk,167,135,19,1,3,IPL,55.67,123.7,82,49.1,6.75
MG Johnson,167,168,10,7,13,IPL,12.85,99.4,82,49.1,9.88
DW Steyn,167,163,14,3,20,IPL,8.35,102.45,74,44.31,9.59
Suryansh Shedge,165,104,9,12,7,IPL,23.57,158.65,108,65.45,4.95
PA Reddy,164,167,15,2,10,IPL,16.4,98.2,72,43.9,9.82
JG Bethell,163,120,21,6,9,IPL,18.11,135.83,120,73.62,4.44
N Jagadeesan,162,155,21,2,9,IPL,18.0,104.52,96,59.26,6.74
MN Samuels,161,174,9,7,11,IPL,14.64,92.53,78,48.45,10.88
R McLaren,159,178,14,1,8,IPL,19.88,89.33,62,38.99,11.87
RE van der Merwe,159,144,11,8,11,IPL,14.45,110.42,92,57.86,7.58
V Nigam,157,92,18,8,6,IPL,26.17,170.65,120,76.43,3.54
J Overton,151,98,14,7,5,IPL,30.2,154.08,98,64.9,4.67
Azmatullah Omarzai,151,105,11,10,10,IPL,15.1,143.81,104,68.87,5.0
AD Hales,148,119,13,6,6,IPL,24.67,124.37,88,59.46,6.26
D Wiese,148,105,12,7,5,IPL,29.6,140.95,90,60.81,5.53
SM Pollock,147,116,12,8,8,IPL,18.38,126.72,96,65.31,5.8
S Vidyut,145,115,21,3,8,IPL,18.12,126.09,102,70.34,4.79
Sachin Baby,144,123,11,5,9,IPL,16.0,117.07,74,51.39,7.69
DL Chahar,142,105,8,9,10,IPL,14.2,135.24,86,60.56,6.18
Arshad Khan,142,102,6,11,6,IPL,23.67,139.22,90,63.38,6.0
N Saini,140,143,16,0,10,IPL,14.0,97.9,64,45.71,8.94
Anmolpreet Singh,139,117,19,3,9,IPL,15.44,118.8,94,67.63,5.32
S Anirudha,136,121,9,7,8,IPL,17.0,112.4,78,57.35,7.56
MJ Santner,136,132,9,6,8,IPL,17.0,103.03,72,52.94,8.8
GD Phillips,132,112,7,8,11,IPL,12.0,117.86,76,57.58,7.47
SB Styris,131,134,10,3,7,IPL,18.71,97.76,58,44.27,10.31
W Jaffer,130,129,14,3,7,IPL,18.57,100.78,74,56.92,7.59
RD Chahar,129,127,13,5,15,IPL,8.6,101.57,82,63.57,7.06
Kamran Akmal,128,78,13,8,4,IPL,32.0,164.1,100,78.12,3.71
UT Khawaja,127,105,14,3,5,IPL,25.4,120.95,74,58.27,6.18
TK Curran,127,108,10,3,5,IPL,25.4,117.59,58,45.67,8.31
P Dogra,127,141,4,5,8,IPL,15.88,90.07,46,36.22,15.67
SS Prabhudessai,126,113,11,4,9,IPL,14.0,111.5,68,53.97,7.53
M Morkel,126,93,11,5,10,IPL,12.6,135.48,74,58.73,5.81
BB Samantray,125,116,13,2,5,IPL,25.0,107.76,64,51.2,7.73
MM Sharma,125,140,9,4,17,IPL,7.35,89.29,60,48.0,10.77
MC Juneja,125,134,11,1,7,IPL,17.86,93.28,50,40.0,11.17
B Lee,124,102,8,8,9,IPL,13.78,121.57,80,64.52,6.38
AB McDonald,123,103,9,4,5,IPL,24.6,119.42,60,48.78,7.92
Harpreet Singh,123,119,10,3,6,IPL,20.5,103.36,58,47.15,9.15
DL Vettori,121,118,11,2,7,IPL,17.29,102.54,56,46.28,9.08
NK Patel,121,124,14,1,4,IPL,30.25,97.58,62,51.24,8.27
S Arora,121,81,9,9,6,IPL,20.17,149.38,90,74.38,4.5
TG Southee,120,108,8,4,11,IPL,10.91,111.11,56,46.67,9.0
AC Blizzard,120,91,21,2,7,IPL,17.14,131.87,96,80.0,3.96
Misbah-ul-Haq,117,82,10,6,7,IPL,16.71,142.68,76,64.96,5.12
Z Khan,117,141,11,2,14,IPL,8.36,82.98,56,47.86,10.85
Mohammed Siraj,117,144,11,4,11,IPL,10.64,81.25,68,58.12,9.6
RJ Harris,117,112,6,3,12,IPL,9.75,104.46,42,35.9,12.44
KK Cooper,116,70,9,8,9,IPL,12.89,165.71,84,72.41,4.12
Aman Hakim Khan,115,109,8,6,9,IPL,12.78,105.5,68,59.13,7.79
Mohammed Shami,115,116,9,5,19,IPL,6.05,99.14,66,57.39,8.29
DJM Short,115,102,11,5,7,IPL,16.43,112.75,74,64.35,6.38
M Kartik,113,109,7,1,6,IPL,18.83,103.67,34,30.09,13.62
DJ Harris,111,103,11,5,3,IPL,37.0,107.77,74,66.67,6.44
MA Starc,111,122,11,0,11,IPL,10.09,90.98,44,39.64,11.09
LJ Wright,106,63,16,3,4,IPL,26.5,168.25,82,77.36,3.32
JDP Oram,106,110,6,5,8,IPL,13.25,96.36,54,50.94,10.0
DS Kulkarni,104,113,7,2,8,IPL,13.0,92.04,40,38.46,12.56
RJ Quiney,103,105,12,3,7,IPL,14.71,98.1,66,64.08,7.0
SD Chitnis,99,92,10,2,7,IPL,14.14,107.61,52,52.53,7.67
MS Gony,99,76,6,8,9,IPL,11.0,130.26,72,72.73,5.43
CJ Ferguson,98,119,9,0,6,IPL,16.33,82.35,36,36.73,13.22
MJ Clarke,98,96,12,0,6,IPL,16.33,102.08,48,48.98,8.0
C Bosch,97,63,8,5,3,IPL,32.33,153.97,62,63.92,4.85
PN Mankad,97,75,13,2,3,IPL,32.33,129.33,64,65.98,5.0
TA Boult,93,90,5,4,9,IPL,10.33,103.33,44,47.31,10.0
DJ Jacobs,92,101,10,4,7,IPL,13.14,91.09,64,69.57,7.21
PR Shah,92,97,9,2,8,IPL,11.5,94.85,48,52.17,8.82
PHKD Mendis,92,72,7,2,4,IPL,23.0,127.78,40,43.48,8.0
Himmat Singh,92,74,5,5,3,IPL,30.67,124.32,50,54.35,7.4
JDS Neesham,92,93,6,2,8,IPL,11.5,98.92,36,39.13,11.62
S Rana,91,82,9,1,4,IPL,22.75,110.98,42,46.15,8.2
AJ Tye,91,79,6,5,8,IPL,11.38,115.19,54,59.34,7.18
RT Ponting,91,129,5,2,8,IPL,11.38,70.54,32,35.16,18.43
AD Nath,90,99,7,2,10,IPL,9.0,90.91,40,44.44,11.0
PR Veer,90,72,10,3,2,IPL,45.0,125.0,58,64.44,5.54
MD Shanaka,89,74,5,5,6,IPL,14.83,120.27,50,56.18,7.4
SL Malinga,88,103,6,5,11,IPL,8.0,85.44,54,61.36,9.36
Iqbal Abdulla,88,86,9,1,1,IPL,88.0,102.33,42,47.73,8.6
Ankit Sharma,87,69,7,4,7,IPL,12.43,126.09,52,59.77,6.27
AP Majumdar,87,77,7,2,4,IPL,21.75,112.99,40,45.98,8.56
MJ McClenaghan,85,73,5,7,11,IPL,7.73,116.44,62,72.94,6.08
RE Levi,83,74,10,4,6,IPL,13.83,112.16,64,77.11,5.29
NM Coulter-Nile,82,75,7,4,10,IPL,8.2,109.33,52,63.41,6.82
CJ Jordan,81,81,3,3,9,IPL,9.0,100.0,30,37.04,13.5
Shahid Afridi,81,46,7,6,8,IPL,10.12,176.09,64,79.01,3.54
PWH de Silva,81,95,7,1,15,IPL,5.4,85.26,34,41.98,11.88
LA Carseldine,81,71,11,0,3,IPL,27.0,114.08,44,54.32,6.45
WPUJC Vaas,81,73,2,3,7,IPL,11.57,110.96,26,32.1,14.6
RV Patel,80,76,6,2,4,IPL,20.0,105.26,36,45.0,9.5
AD Mascarenhas,79,79,5,1,9,IPL,8.78,100.0,26,32.91,13.17
CR Woakes,78,77,7,2,5,IPL,15.6,101.3,40,51.28,8.56
AS Roy,78,66,6,2,8,IPL,9.75,118.18,36,46.15,8.25
JR Philippe,78,80,9,1,4,IPL,19.5,97.5,42,53.85,8.0
KA Jamieson,77,74,6,4,4,IPL,19.25,104.05,48,62.34,7.4
IR Jaggi,76,100,6,0,5,IPL,15.2,76.0,24,31.58,16.67
B Akhil,76,57,5,5,5,IPL,15.2,133.33,50,65.79,5.7
TR Birt,75,59,9,2,5,IPL,15.0,127.12,48,64.0,5.36
JJ Bumrah,75,89,6,1,7,IPL,10.71,84.27,30,40.0,12.71
A Kamboj,74,55,5,4,3,IPL,24.67,134.55,44,59.46,6.11
RR Sarwan,73,78,6,1,3,IPL,24.33,93.59,30,41.1,11.14
M Klinger,73,78,9,0,4,IPL,18.25,93.59,36,49.32,8.67
LH Ferguson,72,49,7,2,3,IPL,24.0,146.94,40,55.56,5.44
Vishnu Vinod,71,66,4,4,6,IPL,11.83,107.58,40,56.34,8.25
SK Rasheed,71,67,9,2,5,IPL,14.2,105.97,48,67.61,6.09
J Suchith,70,62,6,3,4,IPL,17.5,112.9,42,60.0,6.89
Vivrant Sharma,69,49,9,2,1,IPL,69.0,140.82,48,69.57,4.45
AA Bilakhia,69,88,5,0,5,IPL,13.8,78.41,20,28.99,17.6
Avesh Khan,68,46,7,4,3,IPL,22.67,147.83,52,76.47,4.18
RR Powar,67,64,6,1,2,IPL,33.5,104.69,30,44.78,9.14
HR Shokeen,66,67,9,0,3,IPL,22.0,98.51,36,54.55,7.44
R Sharma,66,77,5,3,11,IPL,6.0,85.71,38,57.58,9.62
WD Parnell,65,86,4,1,10,IPL,6.5,75.58,22,33.85,17.2
Mohammad Hafeez,64,84,7,2,7,IPL,9.14,76.19,40,62.5,9.33
Anirudh Singh,63,69,6,1,4,IPL,15.75,91.3,30,47.62,9.86
N Sindhu,63,51,7,2,5,IPL,12.6,123.53,40,63.49,5.67
A Flintoff,62,57,5,2,2,IPL,31.0,108.77,32,51.61,8.14
SP Jackson,61,57,5,1,6,IPL,10.17,107.02,26,42.62,9.5
Sandeep Sharma,60,79,4,0,5,IPL,12.0,75.95,16,26.67,19.75
Harshit Rana,59,57,5,3,6,IPL,9.83,103.51,38,64.41,7.12
S Aravind,59,59,7,0,3,IPL,19.67,100.0,28,47.46,8.43
MG Bracewell,58,49,6,1,2,IPL,29.0,118.37,30,51.72,7.0
I Sharma,57,71,4,2,6,IPL,9.5,80.28,28,49.12,11.83
WA Mota,56,76,2,0,5,IPL,11.2,73.68,8,14.29,38.0
M Rawat,55,70,4,1,5,IPL,11.0,78.57,22,40.0,14.0
TU Deshpande,54,38,2,4,4,IPL,13.5,142.11,32,59.26,6.33
DJ Willey,53,64,7,0,2,IPL,26.5,82.81,28,52.83,9.14
PVD Chameera,53,49,3,3,3,IPL,17.67,108.16,30,56.6,8.17
Shivang Kumar,53,50,6,1,6,IPL,8.83,106.0,30,56.6,7.14
A Chopra,53,75,7,0,5,IPL,10.6,70.67,28,52.83,10.71
Shoaib Malik,52,49,5,0,4,IPL,13.0,106.12,20,38.46,9.8
RP Singh,52,78,2,1,14,IPL,3.71,66.67,14,26.92,26.0
Swapnil Singh,51,46,3,3,5,IPL,10.2,110.87,30,58.82,7.67
KB Arun Karthik,51,53,4,1,5,IPL,10.2,96.23,22,43.14,10.6
Shivam Mavi,51,58,4,2,9,IPL,5.67,87.93,28,54.9,9.67
OF Smith,51,50,1,5,3,IPL,17.0,102.0,34,66.67,8.33
R Rampaul,51,52,3,2,5,IPL,10.2,98.08,24,47.06,10.4
VR Aaron,50,73,2,2,4,IPL,12.5,68.49,20,40.0,18.25
RV Gomez,50,53,5,1,5,IPL,10.0,94.34,26,52.0,8.83
SB Bangar,49,58,1,3,6,IPL,8.17,84.48,22,44.9,14.5
AS Yadav,49,40,5,2,5,IPL,9.8,122.5,32,65.31,5.71
AG Paunikar,49,61,9,0,5,IPL,9.8,80.33,36,73.47,6.78
A Nortje,49,52,6,0,6,IPL,8.17,94.23,24,48.98,8.67
M Markande,48,44,5,1,3,IPL,16.0,109.09,26,54.17,7.33
T Kohler-Cadmore,48,54,7,1,3,IPL,16.0,88.89,34,70.83,6.75
Yashpal Singh,47,67,5,0,4,IPL,11.75,70.15,20,42.55,13.4
SU Parakh,46,33,5,2,4,IPL,11.5,139.39,32,69.57,4.71
TL Seifert,45,44,6,1,6,IPL,7.5,102.27,30,66.67,6.29
Ravi Bishnoi,45,71,2,2,11,IPL,4.09,63.38,20,44.44,17.75
D Pretorius,44,28,3,3,4,IPL,11.0,157.14,30,68.18,4.67
DR Sams,44,48,1,3,9,IPL,4.89,91.67,22,50.0,12.0
Sunny Singh,43,31,6,1,4,IPL,10.75,138.71,30,69.77,4.43
Rasikh Salam,43,43,5,0,5,IPL,8.6,100.0,20,46.51,8.6
SK Trivedi,42,61,3,1,7,IPL,6.0,68.85,18,42.86,15.25
AB Barath,42,43,5,1,2,IPL,21.0,97.67,26,61.9,7.17
A Nehra,41,63,3,1,6,IPL,6.83,65.08,18,43.9,15.75
J Yadav,40,38,2,1,2,IPL,20.0,105.26,14,35.0,12.67
LPC Silva,40,27,5,1,2,IPL,20.0,148.15,26,65.0,4.5
BR Dunk,40,36,7,0,3,IPL,13.33,111.11,28,70.0,5.14
XC Bartlett,40,29,3,2,2,IPL,20.0,137.93,24,60.0,5.8
Umar Gul,39,19,1,5,3,IPL,13.0,205.26,34,87.18,3.17
S Nadeem,39,88,2,0,14,IPL,2.79,44.32,8,20.51,44.0
MM Patel,39,41,5,0,5,IPL,7.8,95.12,20,51.28,8.2
DJ Thornely,39,54,2,2,3,IPL,13.0,72.22,20,51.28,13.5
AUK Pathan,39,26,5,2,5,IPL,7.8,150.0,32,82.05,3.71
S Narwal,37,29,6,0,3,IPL,12.33,127.59,24,64.86,4.83
YS Chahal,37,89,0,0,6,IPL,6.17,41.57,0,0.0,
Anureet Singh,36,47,2,1,4,IPL,9.0,76.6,14,38.89,15.67
AN Ahmed,36,27,4,1,1,IPL,36.0,133.33,22,61.11,5.4
KW Richardson,36,39,2,1,3,IPL,12.0,92.31,14,38.89,13.0
Sohail Tanvir,36,31,3,1,3,IPL,12.0,116.13,18,50.0,7.75
Joginder Sharma,36,30,1,2,4,IPL,9.0,120.0,16,44.44,10.0
L Balaji,36,50,2,1,7,IPL,5.14,72.0,14,38.89,16.67
Salil Arora,35,25,2,2,1,IPL,35.0,140.0,20,57.14,6.25
M Ashwin,35,50,2,1,8,IPL,4.38,70.0,14,40.0,16.67
A Kumble,35,49,3,0,2,IPL,17.5,71.43,12,34.29,16.33
RA Bawa,35,32,2,0,3,IPL,11.67,109.38,8,22.86,16.0
B Sumanth,35,38,3,0,1,IPL,35.0,92.11,12,34.29,12.67
L Ronchi,34,37,6,1,3,IPL,11.33,91.89,30,88.24,5.29
AP Dole,34,23,3,1,2,IPL,17.0,147.83,18,52.94,5.75
A Mithun,34,26,4,1,5,IPL,6.8,130.77,22,64.71,5.2
S Sreesanth,34,57,6,0,3,IPL,11.33,59.65,24,70.59,9.5
D Salunkhe,33,24,5,0,1,IPL,33.0,137.5,20,60.61,4.8
Navdeep Saini,33,38,3,0,4,IPL,8.25,86.84,12,36.36,12.67
Imran Tahir,33,37,5,0,4,IPL,8.25,89.19,20,60.61,7.4
Arshdeep Singh,32,49,4,0,6,IPL,5.33,65.31,16,50.0,12.25
RJ Peterson,32,32,3,1,3,IPL,10.67,100.0,18,56.25,8.0
AT Carey,32,29,0,1,2,IPL,16.0,110.34,6,18.75,29.0
Basil Thampi,32,37,1,1,1,IPL,32.0,86.49,10,31.25,18.5
G Coetzee,31,33,2,2,6,IPL,5.17,93.94,20,64.52,8.25
S Sriram,31,38,3,0,2,IPL,15.5,81.58,12,38.71,12.67
GF Linde,31,21,6,0,3,IPL,10.33,147.62,24,77.42,3.5
T Taibu,31,26,3,0,3,IPL,10.33,119.23,12,38.71,8.67
Noor Ahmad,31,59,2,1,11,IPL,2.82,52.54,14,45.16,19.67
CV Varun,31,56,3,0,4,IPL,7.75,55.36,12,38.71,18.67
NS Naik,31,53,2,0,4,IPL,7.75,58.49,8,25.81,26.5
VH Zol,29,26,3,1,2,IPL,14.5,111.54,18,62.07,6.5
J Syed Mohammad,29,27,4,0,2,IPL,14.5,107.41,16,55.17,6.75
Akshat Raghuwanshi,29,27,1,1,2,IPL,14.5,107.41,10,34.48,13.5
SB Jakati,28,30,3,0,1,IPL,28.0,93.33,12,42.86,10.0
AS Joseph,27,32,3,0,1,IPL,27.0,84.38,12,44.44,10.67
PJ Sangwan,26,47,1,0,7,IPL,3.71,55.32,4,15.38,47.0
AS Rajpoot,26,41,2,1,4,IPL,6.5,63.41,14,53.85,13.67
AA Kulkarni,26,33,3,0,4,IPL,6.5,78.79,12,46.15,11.0
JM Kemp,26,25,1,1,2,IPL,13.0,104.0,10,38.46,12.5
AB Dinda,26,50,2,0,9,IPL,2.89,52.0,8,30.77,25.0
DJ Malan,26,26,1,1,1,IPL,26.0,100.0,10,38.46,13.0
NL McCullum,26,23,0,1,1,IPL,26.0,113.04,6,23.08,23.0
AF Milne,25,33,0,1,4,IPL,6.25,75.76,6,24.0,33.0
A Choudhary,25,20,1,1,1,IPL,25.0,125.0,10,40.0,10.0
S Chanderpaul,25,33,4,0,3,IPL,8.33,75.76,16,64.0,8.25
Mohsin Khan,25,31,2,1,4,IPL,6.25,80.65,14,56.0,10.33
Akash Deep,25,14,2,2,3,IPL,8.33,178.57,20,80.0,3.5
Sanvir Singh,25,22,2,1,2,IPL,12.5,113.64,14,56.0,7.33
MA Khote,24,22,2,1,2,IPL,12.0,109.09,14,58.33,7.33
Kartik Tyagi,24,26,2,1,7,IPL,3.43,92.31,14,58.33,8.67
Tanush Kotian,24,32,3,0,1,IPL,24.0,75.0,12,50.0,10.67
AJ Turner,24,31,0,2,5,IPL,4.8,77.42,12,50.0,15.5
ER Dwivedi,24,15,2,2,2,IPL,12.0,160.0,20,83.33,3.75
KC Cariappa,24,21,0,2,3,IPL,8.0,114.29,12,50.0,10.5
J Arunkumar,23,24,5,0,3,IPL,7.67,95.83,20,86.96,4.8
BMAJ Mendis,23,27,0,0,3,IPL,7.67,85.19,0,0.0,
SW Tait,23,26,1,1,3,IPL,7.67,88.46,10,43.48,13.0
Umran Malik,23,16,1,2,1,IPL,23.0,143.75,16,69.57,5.33
P Dubey,23,33,2,0,1,IPL,23.0,69.7,8,34.78,16.5
AU Rashid,22,17,2,1,2,IPL,11.0,129.41,14,63.64,5.67
GB Hogg,22,22,1,0,2,IPL,11.0,100.0,4,18.18,22.0
HE van der Dussen,22,25,2,0,2,IPL,11.0,88.0,8,36.36,12.5
Sediqullah Atal,22,16,0,2,1,IPL,22.0,137.5,12,54.55,8.0
SA Abbott,22,18,1,2,2,IPL,11.0,122.22,16,72.73,6.0
KL Nagarkoti,22,34,1,0,4,IPL,5.5,64.71,4,18.18,34.0
Yudhvir Singh,22,16,1,2,4,IPL,5.5,137.5,16,72.73,5.33
AJ Hosein,21,14,1,1,0,IPL,,150.0,10,47.62,7.0
DE Bollinger,21,23,1,1,1,IPL,21.0,91.3,10,47.62,11.5
B Indrajith,21,31,2,0,3,IPL,7.0,67.74,8,38.1,15.5
M Tiwari,21,12,2,1,1,IPL,21.0,175.0,14,66.67,4.0
Kumar Kushagra,21,21,3,0,4,IPL,5.25,100.0,12,57.14,7.0
C Sakariya,20,31,3,0,5,IPL,4.0,64.52,12,60.0,10.33
S Kaul,20,36,1,0,3,IPL,6.67,55.56,4,20.0,36.0
M Muralitharan,20,30,1,0,6,IPL,3.33,66.67,4,20.0,30.0
NJ Maddinson,20,21,4,0,3,IPL,6.67,95.24,16,80.0,5.25
BKG Mendis,20,11,1,2,1,IPL,20.0,181.82,16,80.0,3.67
RR Raje,20,18,1,1,1,IPL,20.0,111.11,10,50.0,9.0
AC Thomas,20,19,1,1,2,IPL,10.0,105.26,10,50.0,9.5
Y Gnaneswara Rao,19,18,3,0,1,IPL,19.0,105.56,12,63.16,6.0
DR Martyn,19,26,1,0,1,IPL,19.0,73.08,4,21.05,26.0
P Sahu,19,13,1,1,0,IPL,,146.15,10,52.63,6.5
Gulbadin Naib,19,15,1,1,1,IPL,19.0,126.67,10,52.63,7.5
NT Ellis,19,26,0,1,4,IPL,4.75,73.08,6,31.58,26.0
JR Hazlewood,19,31,1,0,1,IPL,19.0,61.29,4,21.05,31.0
A Mukund,19,23,1,0,2,IPL,9.5,82.61,4,21.05,23.0
R Smaran,19,25,3,0,3,IPL,6.33,76.0,12,63.16,8.33
R Bishnoi,19,17,1,2,3,IPL,6.33,111.76,16,84.21,5.67
P Ray Barman,19,25,2,0,1,IPL,19.0,76.0,8,42.11,12.5
R Shukla,19,23,2,0,1,IPL,19.0,82.61,8,42.11,11.5
PV Tambe,18,39,1,0,1,IPL,18.0,46.15,4,22.22,39.0
KMA Paul,18,26,1,1,4,IPL,4.5,69.23,10,55.56,13.0
DS Lehmann,18,19,3,0,2,IPL,9.0,94.74,12,66.67,6.33
T Banton,18,22,1,1,2,IPL,9.0,81.82,10,55.56,11.0
Sumit Kumar,18,26,2,1,2,IPL,9.0,69.23,14,77.78,8.67
Saurav Chauhan,18,16,1,1,3,IPL,6.0,112.5,10,55.56,8.0
Naveen-ul-Haq,18,26,2,0,1,IPL,18.0,69.23,8,44.44,13.0
Harmeet Singh,18,12,3,0,2,IPL,9.0,150.0,12,66.67,4.0
JJ van der Wath,18,17,1,1,2,IPL,9.0,105.88,10,55.56,8.5
BJ Haddin,18,11,2,1,1,IPL,18.0,163.64,14,77.78,3.67
R Sai Kishore,18,16,0,2,3,IPL,6.0,112.5,12,66.67,8.0
Arjun Tendulkar,18,14,0,1,1,IPL,18.0,128.57,6,33.33,14.0
Parvez Rasool,17,20,1,0,2,IPL,8.5,85.0,4,23.53,20.0
JA Richardson,17,27,2,0,3,IPL,5.67,62.96,8,47.06,13.5
M Theekshana,17,34,0,1,3,IPL,5.67,50.0,6,35.29,34.0
YV Dhull,16,23,1,0,3,IPL,5.33,69.57,4,25.0,23.0
Vijaykumar Vyshak,16,17,0,1,2,IPL,8.0,94.12,6,37.5,17.0
PP Ojha,16,45,0,0,9,IPL,1.78,35.56,0,0.0,
CK Kapugedera,16,24,0,0,3,IPL,5.33,66.67,0,0.0,
KS Sharma,16,25,1,0,3,IPL,5.33,64.0,4,25.0,25.0
JL Pattinson,15,13,2,0,1,IPL,15.0,115.38,8,53.33,6.5
A Zampa,15,25,1,0,5,IPL,3.0,60.0,4,26.67,25.0
VY Mahesh,15,28,0,0,2,IPL,7.5,53.57,0,0.0,
SD Lad,15,13,1,1,1,IPL,15.0,115.38,10,66.67,6.5
M Prasidh Krishna,15,31,1,0,2,IPL,7.5,48.39,4,26.67,31.0
C Madan,15,21,3,0,1,IPL,15.0,71.43,12,80.0,7.0
Virat Singh,15,26,1,0,2,IPL,7.5,57.69,4,26.67,26.0
I Udana,15,11,1,1,3,IPL,5.0,136.36,10,66.67,5.5
GR Napier,15,16,1,0,1,IPL,15.0,93.75,4,26.67,16.0
Auqib Nabi,14,4,2,1,1,IPL,14.0,350.0,14,100.0,1.33
N Burger,14,9,0,1,1,IPL,14.0,155.56,6,42.86,9.0
F Behardien,14,13,2,0,2,IPL,7.0,107.69,8,57.14,6.5
FA Allen,14,19,1,0,2,IPL,7.0,73.68,4,28.57,19.0
MP Breetzke,14,12,1,1,1,IPL,14.0,116.67,10,71.43,6.0
MDKJ Perera,14,13,3,0,2,IPL,7.0,107.69,12,85.71,4.33
DR Shorey,13,20,0,1,2,IPL,6.5,65.0,6,46.15,20.0
KJ Abbott,13,8,0,1,1,IPL,13.0,162.5,6,46.15,8.0
DT Patil,13,13,1,0,1,IPL,13.0,100.0,4,30.77,13.0
Mustafizur Rahman,13,24,0,1,2,IPL,6.5,54.17,6,46.15,24.0
Harsh Dubey,13,11,2,0,2,IPL,6.5,118.18,8,61.54,5.5
S Badree,13,25,0,0,5,IPL,2.6,52.0,0,0.0,
Mujeeb Ur Rahman,12,15,2,0,3,IPL,4.0,80.0,8,66.67,7.5
T Dahiya,12,15,2,0,2,IPL,6.0,80.0,8,66.67,7.5
T Thushara,12,19,0,0,2,IPL,6.0,63.16,0,0.0,
K Kartikeya,12,18,1,0,3,IPL,4.0,66.67,4,33.33,18.0
Karanveer Singh,12,17,1,0,1,IPL,12.0,70.59,4,33.33,17.0
DAJ Bracewell,12,9,1,0,0,IPL,,133.33,4,33.33,9.0
AA Chavan,12,11,2,0,1,IPL,12.0,109.09,8,66.67,5.5
R Minz,12,20,1,0,3,IPL,4.0,60.0,4,33.33,20.0
DG Nalkande,12,12,0,1,2,IPL,6.0,100.0,6,50.0,12.0
MA Wood,12,10,1,1,2,IPL,6.0,120.0,10,83.33,5.0
K Upadhyay,12,9,0,1,0,IPL,,133.33,6,50.0,9.0
AR Bawne,12,12,1,0,0,IPL,,100.0,4,33.33,12.0
T Henderson,11,16,0,1,1,IPL,11.0,68.75,6,54.55,16.0
T Kohli,11,20,0,1,3,IPL,3.67,55.0,6,54.55,20.0
DNT Zoysa,11,9,1,0,1,IPL,11.0,122.22,4,36.36,9.0
M Ntini,11,19,2,0,1,IPL,11.0,57.89,8,72.73,9.5
Mukesh Kumar,10,20,0,0,1,IPL,10.0,50.0,0,0.0,
BB Sran,10,14,0,0,1,IPL,10.0,71.43,0,0.0,
RK Bhui,10,27,0,0,4,IPL,2.5,37.04,0,0.0,
Krish Bhagat,10,21,0,0,1,IPL,10.0,47.62,0,0.0,
X Thalaivan Sargunam,10,17,0,0,1,IPL,10.0,58.82,0,0.0,
VG Arora,10,28,0,0,4,IPL,2.5,35.71,0,0.0,
SMSM Senanayake,10,17,0,0,1,IPL,10.0,58.82,0,0.0,
Simarjeet Singh,10,15,0,0,3,IPL,3.33,66.67,0,0.0,
TD Paine,10,29,0,0,2,IPL,5.0,34.48,0,0.0,
AG Murtaza,10,14,1,0,1,IPL,10.0,71.43,4,40.0,14.0
JE Root,10,15,1,0,1,IPL,10.0,66.67,4,40.0,15.0
KAJ Roach,10,9,1,0,1,IPL,10.0,111.11,4,40.0,9.0
J Theron,10,13,1,0,2,IPL,5.0,76.92,4,40.0,13.0
D du Preez,10,13,0,0,1,IPL,10.0,76.92,0,0.0,
PWA Mulder,9,12,1,0,1,IPL,9.0,75.0,4,44.44,12.0
AA Noffke,9,12,1,0,1,IPL,9.0,75.0,4,44.44,12.0
L Wood,9,3,0,1,0,IPL,,300.0,6,66.67,3.0
SM Harwood,9,14,0,0,0,IPL,,64.29,0,0.0,
TM Srivastava,8,11,0,0,1,IPL,8.0,72.73,0,0.0,
P Chopra,8,6,2,0,1,IPL,8.0,133.33,8,100.0,3.0
SH Johnson,8,12,1,0,1,IPL,8.0,66.67,4,50.0,12.0
KT Maphaka,8,3,2,0,0,IPL,,266.67,8,100.0,1.5
Jaskaran Singh,8,11,0,0,1,IPL,8.0,72.73,0,0.0,
CK Langeveldt,8,9,0,1,2,IPL,4.0,88.89,6,75.0,9.0
Akash Madhwal,8,14,0,0,0,IPL,,57.14,0,0.0,
TS Mills,8,14,0,1,4,IPL,2.0,57.14,6,75.0,14.0
OC McCoy,8,5,0,1,0,IPL,,160.0,6,75.0,5.0
JPR Scantlebury-Searles,8,6,0,1,1,IPL,8.0,133.33,6,75.0,6.0
Mukesh Choudhary,8,8,1,0,0,IPL,,100.0,4,50.0,8.0
CJ McKay,8,15,0,0,1,IPL,8.0,53.33,0,0.0,
UA Birla,7,15,1,0,1,IPL,7.0,46.67,4,57.14,15.0
Pankaj Singh,7,12,0,0,2,IPL,3.5,58.33,0,0.0,
IS Sodhi,7,18,0,0,2,IPL,3.5,38.89,0,0.0,
Ankit Soni,7,9,0,1,2,IPL,3.5,77.78,6,85.71,9.0
I Malhotra,7,4,1,0,0,IPL,,175.0,4,57.14,4.0
VS Malik,7,7,1,0,1,IPL,7.0,100.0,4,57.14,7.0
V Viyaskanth,7,5,0,0,0,IPL,,140.0,0,0.0,
AN Ghosh,7,8,1,0,2,IPL,3.5,87.5,4,57.14,8.0
E Malinga,7,18,0,0,1,IPL,7.0,38.89,0,0.0,
LG Pretorius,7,8,0,0,1,IPL,7.0,87.5,0,0.0,
MJ Henry,7,10,1,0,2,IPL,3.5,70.0,4,57.14,10.0
DM Bravo,6,5,1,0,0,IPL,,120.0,4,66.67,5.0
SS Shaikh,6,7,1,0,0,IPL,,85.71,4,66.67,7.0
BA Bhatt,6,7,0,1,0,IPL,,85.71,6,100.0,7.0
JP Behrendorff,6,9,0,0,0,IPL,,66.67,0,0.0,
DA Payne,6,5,0,0,0,IPL,,120.0,0,0.0,
PSP Handscomb,6,12,0,0,1,IPL,6.0,50.0,0,0.0,
SB Joshi,6,16,0,0,2,IPL,3.0,37.5,0,0.0,
Arshad Khan (2),5,4,1,0,1,IPL,5.0,125.0,4,80.0,4.0
Prince Yadav,5,12,0,0,0,IPL,,41.67,0,0.0,
B Stanlake,5,2,1,0,0,IPL,,250.0,4,80.0,2.0
B Laughlin,5,13,0,0,2,IPL,2.5,38.46,0,0.0,
Shivam Sharma,5,3,1,0,1,IPL,5.0,166.67,4,80.0,3.0
KMDN Kulasekara,5,3,1,0,0,IPL,,166.67,4,80.0,3.0
Sakib Hussain,5,7,1,0,0,IPL,,71.43,4,80.0,7.0
SJ Srivastava,5,5,0,0,1,IPL,5.0,100.0,0,0.0,
P Awana,5,14,0,0,2,IPL,2.5,35.71,0,0.0,
Fazalhaq Farooqi,5,15,0,0,0,IPL,,33.33,0,0.0,
MP Yadav,5,6,1,0,1,IPL,5.0,83.33,4,80.0,6.0
A Chandila,4,7,0,0,0,IPL,,57.14,0,0.0,
A Tomar,4,8,1,0,1,IPL,4.0,50.0,4,100.0,8.0
VRV Singh,4,3,1,0,1,IPL,4.0,133.33,4,100.0,3.0
SR Dubey,4,2,1,0,0,IPL,,200.0,4,100.0,2.0
GD McGrath,4,5,1,0,1,IPL,4.0,80.0,4,100.0,5.0
CRD Fernando,4,3,0,0,0,IPL,,133.33,0,0.0,
Yash Dayal,4,9,0,0,3,IPL,1.33,44.44,0,0.0,
L Ngidi,4,9,0,0,2,IPL,2.0,44.44,0,0.0,
FH Edwards,4,5,0,0,1,IPL,4.0,80.0,0,0.0,
Liton Das,4,4,1,0,1,IPL,4.0,100.0,4,100.0,4.0
A Uniyal,4,7,0,0,1,IPL,4.0,57.14,0,0.0,
A Dananjaya,4,5,0,0,0,IPL,,80.0,0,0.0,
Ravi Singh,4,2,1,0,1,IPL,4.0,200.0,4,100.0,2.0
DP Nannes,4,13,0,0,1,IPL,4.0,30.77,0,0.0,
RS Sodhi,4,2,1,0,0,IPL,,200.0,4,100.0,2.0
T Natarajan,4,7,0,0,0,IPL,,57.14,0,0.0,
Kamran Khan,3,5,0,0,1,IPL,3.0,60.0,0,0.0,
GC Viljoen,3,7,0,0,2,IPL,1.5,42.86,0,0.0,
Mohammad Asif,3,6,0,0,2,IPL,1.5,50.0,0,0.0,
JE Taylor,3,4,0,0,0,IPL,,75.0,0,0.0,
D Kalyankrishna,3,8,0,0,1,IPL,3.0,37.5,0,0.0,
BAW Mendis,3,6,0,0,2,IPL,1.5,50.0,0,0.0,
Younis Khan,3,7,0,0,1,IPL,3.0,42.86,0,0.0,
RJW Topley,3,6,0,0,0,IPL,,50.0,0,0.0,
R Ninan,3,6,0,0,1,IPL,3.0,50.0,0,0.0,
PP Hinge,3,9,0,0,1,IPL,3.0,33.33,0,0.0,
S Tyagi,3,4,0,0,0,IPL,,75.0,0,0.0,
DS Rathi,3,9,0,0,1,IPL,3.0,33.33,0,0.0,
RS Gavaskar,2,8,0,0,1,IPL,2.0,25.0,0,0.0,
GHS Garton,2,4,0,0,1,IPL,2.0,50.0,0,0.0,
H Das,2,5,0,0,1,IPL,2.0,40.0,0,0.0,
VS Yeligati,2,2,0,0,1,IPL,2.0,100.0,0,0.0,
BR Sharath,2,5,0,0,1,IPL,2.0,40.0,0,0.0,
RG More,2,2,0,0,0,IPL,,100.0,0,0.0,
A Singh,2,10,0,0,4,IPL,0.5,20.0,0,0.0,
T Shamsi,2,4,0,0,0,IPL,,50.0,0,0.0,
Shoaib Akhtar,2,8,0,0,1,IPL,2.0,25.0,0,0.0,
KK Ahmed,2,9,0,0,5,IPL,0.4,22.22,0,0.0,
DV Malewar,2,5,0,0,2,IPL,1.0,40.0,0,0.0,
Brijesh Sharma,2,4,0,0,0,IPL,,50.0,0,0.0,
S Randiv,2,4,0,0,1,IPL,2.0,50.0,0,0.0,
SB Wagh,2,3,0,0,2,IPL,1.0,66.67,0,0.0,
KP Appanna,2,4,0,0,1,IPL,2.0,50.0,0,0.0,
RJ Gleeson,2,2,0,0,0,IPL,,100.0,0,0.0,
Mashrafe Mortaza,2,2,0,0,0,IPL,,100.0,0,0.0,
Shivam Singh,2,3,0,0,0,IPL,,66.67,0,0.0,
AM Ghazanfar,2,3,0,0,0,IPL,,66.67,0,0.0,
Mohammad Ashraful,2,12,0,0,1,IPL,2.0,16.67,0,0.0,
SS Mishra,1,3,0,0,0,IPL,,33.33,0,0.0,
DP Vijaykumar,1,1,0,0,0,IPL,,100.0,0,0.0,
BE Hendricks,1,3,0,0,1,IPL,1.0,33.33,0,0.0,
M de Lange,1,2,0,0,1,IPL,1.0,50.0,0,0.0,
P Parameswaran,1,3,0,0,0,IPL,,33.33,0,0.0,
HF Gurney,1,5,0,0,0,IPL,,20.0,0,0.0,
Shoaib Ahmed,1,6,0,0,2,IPL,0.5,16.67,0,0.0,
MS Bhandage,1,4,0,0,1,IPL,1.0,25.0,0,0.0,
Ashok Sharma,1,5,0,0,0,IPL,,20.0,0,0.0,
MJ Suthar,1,2,0,0,1,IPL,1.0,50.0,0,0.0,
Ashwani Kumar,1,6,0,0,0,IPL,,16.67,0,0.0,
PM Sarvesh Kumar,1,2,0,0,0,IPL,,50.0,0,0.0,
NJ Rimmington,1,1,0,0,0,IPL,,100.0,0,0.0,
LE Plunkett,1,3,0,0,1,IPL,1.0,33.33,0,0.0,
KA Maharaj,1,2,0,0,1,IPL,1.0,50.0,0,0.0,
LB Williams,1,2,0,0,0,IPL,,50.0,0,0.0,
SE Bond,1,2,0,0,1,IPL,1.0,50.0,0,0.0,
PVSN Raju,1,1,0,0,0,IPL,,100.0,0,0.0,
SZ Mulani,1,1,0,0,0,IPL,,100.0,0,0.0,
Mohit Rathee,1,2,0,0,0,IPL,,50.0,0,0.0,
Abdul Basith,1,1,0,0,0,IPL,,100.0,0,0.0,
DJ Muthuswami,1,3,0,0,1,IPL,1.0,33.33,0,0.0,
RR Bhatkal,0,2,0,0,1,IPL,0.0,0.0,0,0.0,
IC Pandey,0,2,0,0,1,IPL,0.0,0.0,0,0.0,
ND Doshi,0,13,0,0,1,IPL,0.0,0.0,0,0.0,
S Ladda,0,10,0,0,1,IPL,0.0,0.0,0,0.0,
YA Abdulla,0,1,0,0,0,IPL,,0.0,0,0.0,
C Nanda,0,1,0,0,1,IPL,0.0,0.0,0,0.0,
KR Sen,0,3,0,0,0,IPL,,0.0,0,0.0,
RP Meredith,0,3,0,0,0,IPL,,0.0,0,0.0,
U Kaul,0,1,0,0,0,IPL,,0.0,0,0.0,
Abdur Razzak,0,2,0,0,0,IPL,,0.0,0,0.0,
S Lamichhane,0,1,0,0,1,IPL,0.0,0.0,0,0.0,
R Sanjay Yadav,0,2,0,0,1,IPL,0.0,0.0,0,0.0,
JL Denly,0,1,0,0,1,IPL,0.0,0.0,0,0.0,
Y Prithvi Raj,0,1,0,0,0,IPL,,0.0,0,0.0,
SS Cottrell,0,2,0,0,1,IPL,0.0,0.0,0,0.0,
KS Rathore,0,5,0,0,1,IPL,0.0,0.0,0,0.0,
MJ Owen,0,2,0,0,1,IPL,0.0,0.0,0,0.0,
Musheer Khan,0,3,0,0,1,IPL,0.0,0.0,0,0.0,
K Yadav,0,4,0,0,0,IPL,,0.0,0,0.0,
Mayank Dagar,0,1,0,0,0,IPL,,0.0,0,0.0,
S Kaushik,0,1,0,0,1,IPL,0.0,0.0,0,0.0,
KM Asif,0,2,0,0,1,IPL,0.0,0.0,0,0.0,
L Ablish,0,2,0,0,0,IPL,,0.0,0,0.0,
V Pratap Singh,0,1,0,0,1,IPL,0.0,0.0,0,0.0,
Sunny Gupta,0,1,0,0,1,IPL,0.0,0.0,0,0.0,
