bowler,balls,runs_conceded,wickets,dot_balls,fours_conceded,sixes_conceded,format,overs,economy,bowling_average,bowling_strike_rate,dot_ball_percent,boundary_runs_conceded,boundary_percent_conceded,balls_per_boundary
YS Chahal,4167,5501,233,1319,317,271,IPL,694.5,7.92,23.61,17.88,31.65,2894,52.61,7.09
B Kumar,4769,6045,226,1897,607,186,IPL,794.8,7.61,26.75,21.1,39.78,3544,58.63,6.01
SP Narine,4730,5379,209,1786,340,206,IPL,788.3,6.82,25.74,22.63,37.76,2596,48.26,8.66
PP Chawla,3895,5179,192,1325,374,222,IPL,649.2,7.98,26.97,20.29,34.02,2828,54.61,6.54
JJ Bumrah,3792,4582,190,1458,405,136,IPL,632.0,7.25,24.12,19.96,38.45,2436,53.16,7.01
R Ashwin,4868,5721,187,1606,334,221,IPL,811.3,7.05,30.59,26.03,32.99,2662,46.53,8.77
DJ Bravo,3296,4436,183,998,349,155,IPL,549.3,8.08,24.24,18.01,30.28,2326,52.43,6.54
RA Jadeja,4329,5525,180,1342,327,237,IPL,721.5,7.66,30.69,24.05,31.0,2730,49.41,7.68
Rashid Khan,3585,4390,179,1257,272,197,IPL,597.5,7.35,24.53,20.03,35.06,2270,51.71,7.64
A Mishra,3444,4193,174,1185,239,184,IPL,574.0,7.3,24.1,19.79,34.41,2060,49.13,8.14
SL Malinga,2974,3486,170,1144,314,86,IPL,495.7,7.03,20.51,17.49,38.47,1772,50.83,7.44
HV Patel,2654,3801,151,807,322,149,IPL,442.3,8.59,25.17,17.58,30.41,2182,57.41,5.63
Sandeep Sharma,3295,4359,151,1205,412,156,IPL,549.2,7.94,28.87,21.82,36.57,2584,59.28,5.8
K Rabada,2395,3447,151,906,317,158,IPL,399.2,8.63,22.83,15.86,37.83,2216,64.29,5.04
Harbhajan Singh,3496,4101,150,1263,296,145,IPL,582.7,7.04,27.34,23.31,36.13,2054,50.09,7.93
Mohammed Shami,3035,4302,145,1166,445,165,IPL,505.8,8.51,29.67,20.93,38.42,2770,64.39,4.98
TA Boult,2892,3994,145,1135,441,139,IPL,482.0,8.29,27.54,19.94,39.25,2598,65.05,4.99
UT Yadav,3190,4442,144,1186,473,151,IPL,531.7,8.35,30.85,22.15,37.18,2798,62.99,5.11
AR Patel,3639,4503,139,1167,281,190,IPL,606.5,7.42,32.4,26.18,32.07,2264,50.28,7.73
MM Sharma,2471,3537,134,813,342,131,IPL,411.8,8.59,26.4,18.44,32.9,2154,60.9,5.22
Mohammed Siraj,2834,4004,128,1111,400,173,IPL,472.3,8.48,31.28,22.14,39.2,2638,65.88,4.95
AD Russell,1885,2909,123,612,274,130,IPL,314.2,9.26,23.65,15.33,32.47,1876,64.49,4.67
SN Thakur,2355,3554,119,735,339,142,IPL,392.5,9.05,29.87,19.79,31.21,2208,62.13,4.9
JD Unadkat,2418,3541,114,757,295,158,IPL,403.0,8.79,31.06,21.21,31.31,2128,60.1,5.34
Kuldeep Yadav,2336,3189,112,684,161,176,IPL,389.3,8.19,28.47,20.86,29.28,1700,53.31,6.93
Arshdeep Singh,2167,3166,111,714,339,100,IPL,361.2,8.77,28.52,19.52,32.95,1956,61.78,4.94
CV Varun,2187,2795,111,773,193,128,IPL,364.5,7.67,25.18,19.7,35.35,1540,55.1,6.81
KH Pandya,2779,3451,107,845,227,127,IPL,463.2,7.45,32.25,25.97,30.41,1670,48.39,7.85
A Nehra,1974,2537,106,798,279,76,IPL,329.0,7.71,23.93,18.62,40.43,1572,61.96,5.56
R Vinay Kumar,2186,3041,105,763,296,100,IPL,364.3,8.35,28.96,20.82,34.9,1784,58.66,5.52
Z Khan,2276,2860,102,873,312,64,IPL,379.3,7.54,28.04,22.31,38.36,1632,57.06,6.05
DW Steyn,2282,2583,97,1019,284,55,IPL,380.3,6.79,26.63,23.53,44.65,1466,56.76,6.73
DL Chahar,2171,2890,96,871,325,92,IPL,361.8,7.99,30.1,22.61,40.12,1852,64.08,5.21
CH Morris,1801,2377,96,668,222,79,IPL,300.2,7.92,24.76,18.76,37.09,1362,57.3,5.98
I Sharma,2546,3465,96,999,391,102,IPL,424.3,8.17,36.09,26.52,39.24,2176,62.8,5.16
Avesh Khan,1840,2775,93,610,269,119,IPL,306.7,9.05,29.84,19.78,33.15,1790,64.5,4.74
SR Watson,2137,2742,92,803,293,74,IPL,356.2,7.7,29.8,23.23,37.58,1616,58.94,5.82
KK Ahmed,1741,2521,91,683,255,113,IPL,290.2,8.69,27.7,19.13,39.23,1698,67.35,4.73
M Prasidh Krishna,1837,2655,91,688,277,102,IPL,306.2,8.67,29.18,20.19,37.45,1720,64.78,4.85
P Kumar,2637,3342,90,1075,338,104,IPL,439.5,7.6,37.13,29.3,40.77,1976,59.13,5.97
RP Singh,1874,2417,90,744,254,70,IPL,312.3,7.74,26.86,20.82,39.7,1436,59.41,5.78
PP Ojha,1945,2399,89,667,146,97,IPL,324.2,7.4,26.96,21.85,34.29,1166,48.6,8.0
PJ Cummins,1883,2746,87,645,253,114,IPL,313.8,8.75,31.56,21.64,34.25,1696,61.76,5.13
DS Kulkarni,1876,2513,86,742,272,81,IPL,312.7,8.04,29.22,21.81,39.55,1574,62.63,5.31
JA Morkel,1807,2409,85,646,264,56,IPL,301.2,8.0,28.34,21.26,35.75,1392,57.78,5.65
JC Archer,1658,2221,84,677,212,93,IPL,276.3,8.04,26.44,19.74,40.83,1406,63.3,5.44
KV Sharma,1611,2263,83,507,125,132,IPL,268.5,8.43,27.27,19.41,31.47,1292,57.09,6.27
Ravi Bishnoi,1857,2522,83,599,183,116,IPL,309.5,8.15,30.39,22.37,32.26,1428,56.62,6.21
Imran Tahir,1340,1729,82,437,97,83,IPL,223.3,7.74,21.09,16.34,32.61,886,51.24,7.44
HH Pandya,1865,2802,82,584,247,127,IPL,310.8,9.02,34.17,22.74,31.31,1750,62.46,4.99
IK Pathan,2113,2711,80,835,293,82,IPL,352.2,7.7,33.89,26.41,39.52,1664,61.38,5.63
M Morkel,1699,2136,77,708,230,61,IPL,283.2,7.54,27.74,22.06,41.67,1286,60.21,5.84
MA Starc,1264,1813,76,470,198,56,IPL,210.7,8.6,23.86,16.63,37.18,1128,62.22,4.98
L Balaji,1574,2083,76,537,188,69,IPL,262.3,7.94,27.41,20.71,34.12,1166,55.98,6.12
RD Chahar,1728,2220,75,580,143,101,IPL,288.0,7.71,29.6,23.04,33.56,1178,53.06,7.08
MM Patel,1382,1733,74,590,188,53,IPL,230.3,7.52,23.42,18.68,42.69,1070,61.74,5.73
T Natarajan,1631,2411,73,465,213,97,IPL,271.8,8.87,33.03,22.34,28.51,1434,59.48,5.26
JR Hazlewood,1214,1725,72,494,172,81,IPL,202.3,8.53,23.96,16.86,40.69,1174,68.06,4.8
R Bhatia,1661,2059,71,436,120,68,IPL,276.8,7.44,29.0,23.39,26.25,888,43.13,8.84
MJ McClenaghan,1346,1839,71,507,181,72,IPL,224.3,8.2,25.9,18.96,37.67,1156,62.86,5.32
JO Holder,1285,1781,70,413,158,65,IPL,214.2,8.31,25.44,18.36,32.14,1022,57.38,5.76
KA Pollard,1586,2200,69,405,169,78,IPL,264.3,8.32,31.88,22.99,25.54,1144,52.0,6.42
AB Dinda,1589,2103,69,627,232,58,IPL,264.8,7.94,30.48,23.03,39.46,1276,60.68,5.48
Mustafizur Rahman,1419,1879,65,487,171,61,IPL,236.5,7.95,28.91,21.83,34.32,1050,55.88,6.12
JH Kallis,1799,2348,65,601,236,58,IPL,299.8,7.83,36.12,27.68,33.41,1292,55.03,6.12
SK Trivedi,1557,1944,65,492,154,51,IPL,259.5,7.49,29.91,23.95,31.6,922,47.43,7.6
M Muralitharan,1581,1765,64,600,105,67,IPL,263.5,6.7,27.58,24.7,37.95,822,46.57,9.19
Shakib Al Hasan,1515,1864,63,504,120,78,IPL,252.5,7.38,29.59,24.05,33.27,948,50.86,7.65
MG Johnson,1301,1740,62,535,196,55,IPL,216.8,8.03,28.06,20.98,41.12,1114,64.02,5.18
JP Faulkner,1287,1849,61,399,160,67,IPL,214.5,8.62,30.31,21.1,31.0,1042,56.35,5.67
A Nortje,1169,1740,61,422,164,78,IPL,194.8,8.93,28.52,19.16,36.1,1124,64.6,4.83
Noor Ahmad,1141,1531,61,358,102,67,IPL,190.2,8.05,25.1,18.7,31.38,810,52.91,6.75
SM Curran,1308,2059,59,394,197,89,IPL,218.0,9.44,34.9,22.17,30.12,1322,64.21,4.57
S Kaul,1238,1772,58,387,166,65,IPL,206.3,8.59,30.55,21.34,31.26,1054,59.48,5.36
SK Warne,1223,1465,57,426,91,56,IPL,203.8,7.19,25.7,21.46,34.83,700,47.78,8.32
TU Deshpande,1194,1899,55,377,189,82,IPL,199.0,9.54,34.53,21.71,31.57,1248,65.72,4.41
LH Ferguson,1148,1699,54,396,158,78,IPL,191.3,8.88,31.46,21.26,34.49,1100,64.74,4.86
S Gopal,1000,1358,52,317,77,74,IPL,166.7,8.15,26.12,19.23,31.7,752,55.38,6.62
S Nadeem,1444,1800,48,453,114,73,IPL,240.7,7.48,37.5,30.08,31.37,894,49.67,7.72
NM Coulter-Nile,892,1125,48,368,123,34,IPL,148.7,7.57,23.44,18.58,41.26,696,61.87,5.68
TG Southee,1262,1774,47,447,175,62,IPL,210.3,8.44,37.74,26.85,35.42,1072,60.43,5.32
VG Arora,931,1425,47,306,156,55,IPL,155.2,9.18,30.32,19.81,32.87,954,66.95,4.41
M Pathirana,797,1056,47,240,73,39,IPL,132.8,7.95,22.47,16.96,30.11,526,49.81,7.12
SB Jakati,1101,1474,47,337,97,60,IPL,183.5,8.03,31.36,23.43,30.61,748,50.75,7.01
PWH de Silva,808,1134,46,264,65,70,IPL,134.7,8.42,24.65,17.57,32.67,680,59.96,5.99
MP Stoinis,975,1575,46,249,122,80,IPL,162.5,9.69,34.24,21.2,25.54,968,61.46,4.83
A Kumble,983,1089,45,374,72,35,IPL,163.8,6.65,24.2,21.84,38.05,498,45.73,9.19
M Jansen,1081,1672,45,361,150,82,IPL,180.2,9.28,37.16,24.02,33.4,1092,65.31,4.66
RJ Harris,865,1085,45,364,119,27,IPL,144.2,7.52,24.11,19.22,42.08,638,58.8,5.92
S Aravind,788,1057,45,290,105,38,IPL,131.3,8.05,23.49,17.51,36.8,648,61.31,5.51
VR Aaron,1065,1527,44,387,159,52,IPL,177.5,8.6,34.7,24.2,36.34,948,62.08,5.05
YK Pathan,1184,1443,42,393,99,57,IPL,197.3,7.31,34.36,28.19,33.19,738,51.14,7.59
Mukesh Kumar,879,1475,42,270,149,72,IPL,146.5,10.07,35.12,20.93,30.72,1028,69.69,3.98
AJ Tye,714,1005,42,208,90,33,IPL,119.0,8.45,23.93,17.0,29.13,558,55.52,5.8
L Ngidi,645,883,42,238,76,42,IPL,107.5,8.21,21.02,15.36,36.9,556,62.97,5.47
MC Henriques,979,1302,42,306,123,38,IPL,163.2,7.98,31.0,23.31,31.26,720,55.3,6.08
GJ Maxwell,1047,1422,41,328,79,80,IPL,174.5,8.15,34.68,25.54,31.33,796,55.98,6.58
MM Ali,869,1036,41,295,43,57,IPL,144.8,7.15,25.27,21.2,33.95,514,49.61,8.69
Yash Dayal,920,1412,41,307,139,58,IPL,153.3,9.21,34.44,22.44,33.37,904,64.02,4.67
R Sharma,935,1100,40,334,70,45,IPL,155.8,7.06,27.5,23.38,35.72,550,50.0,8.13
Harshit Rana,679,1047,40,247,99,56,IPL,113.2,9.25,26.18,16.98,36.38,732,69.91,4.38
S Sreesanth,947,1221,40,399,130,39,IPL,157.8,7.74,30.52,23.68,42.13,754,61.75,5.6
Washington Sundar,1186,1531,40,385,100,71,IPL,197.7,7.74,38.28,29.65,32.46,826,53.95,6.94
Iqbal Abdulla,943,1125,40,331,88,37,IPL,157.2,7.16,28.12,23.58,35.1,574,51.02,7.54
P Awana,774,1046,39,293,107,35,IPL,129.0,8.11,26.82,19.85,37.86,638,60.99,5.45
PJ Sangwan,905,1267,38,319,127,43,IPL,150.8,8.4,33.34,23.82,35.25,766,60.46,5.32
DT Christian,922,1218,38,296,103,39,IPL,153.7,7.92,32.05,24.26,32.1,646,53.04,6.49
Mohsin Khan,678,933,38,272,80,47,IPL,113.0,8.26,24.55,17.84,40.12,602,64.52,5.34
DE Bollinger,600,716,37,254,73,19,IPL,100.0,7.16,19.35,16.22,42.33,406,56.7,6.52
MR Marsh,593,803,37,181,72,28,IPL,98.8,8.13,21.7,16.03,30.52,456,56.79,5.93
Harpreet Brar,875,1157,37,285,80,50,IPL,145.8,7.94,31.27,23.65,32.57,620,53.59,6.73
MS Gony,925,1317,37,348,135,53,IPL,154.2,8.54,35.59,25.0,37.62,858,65.15,4.92
M Markande,768,1157,37,215,78,66,IPL,128.0,9.04,31.27,20.76,27.99,708,61.19,5.33
M Theekshana,902,1226,36,260,93,45,IPL,150.3,8.16,34.06,25.06,28.82,642,52.37,6.54
Yuvraj Singh,882,1091,36,258,59,41,IPL,147.0,7.42,30.31,24.5,29.25,482,44.18,8.82
M Ashwin,898,1182,35,283,82,50,IPL,149.7,7.9,33.77,25.66,31.51,628,53.13,6.8
WD Parnell,758,968,35,296,102,24,IPL,126.3,7.66,27.66,21.66,39.05,552,57.02,6.02
P Negi,733,954,34,237,57,47,IPL,122.2,7.81,28.06,21.56,32.33,510,53.46,7.05
KK Cooper,600,789,33,184,59,23,IPL,100.0,7.89,23.91,18.18,30.67,374,47.4,7.32
R Sai Kishore,477,701,33,136,37,44,IPL,79.5,8.82,21.24,14.45,28.51,412,58.77,5.89
E Malinga,516,754,33,167,67,34,IPL,86.0,8.77,22.85,15.64,32.36,472,62.6,5.11
Kartik Tyagi,775,1224,33,255,119,57,IPL,129.2,9.47,37.09,23.48,32.9,818,66.83,4.4
R Tewatia,866,1117,32,264,54,61,IPL,144.3,7.74,34.91,27.06,30.48,582,52.1,7.53
NLTC Perera,715,1031,31,227,113,28,IPL,119.2,8.65,33.26,23.06,31.75,620,60.14,5.07
A Zampa,475,656,31,139,36,35,IPL,79.2,8.28,21.16,15.32,29.26,354,53.96,6.69
A Kamboj,513,823,31,186,76,48,IPL,85.5,9.63,26.55,16.55,36.26,592,71.93,4.14
M Kartik,1182,1418,31,382,97,41,IPL,197.0,7.2,45.74,38.13,32.32,634,44.71,8.57
Shivam Mavi,687,958,30,254,92,38,IPL,114.5,8.37,31.93,22.9,36.97,596,62.21,5.28
CJ Jordan,717,1111,30,206,96,46,IPL,119.5,9.3,37.03,23.9,28.73,660,59.41,5.05
CR Woakes,463,674,30,161,68,28,IPL,77.2,8.73,22.47,15.43,34.77,440,65.28,4.82
MJ Santner,704,870,30,241,74,28,IPL,117.3,7.42,29.0,23.47,34.23,464,53.33,6.9
Umran Malik,519,785,29,205,93,29,IPL,86.5,9.08,27.07,17.9,39.5,546,69.55,4.25
Rasikh Salam,517,819,29,151,81,35,IPL,86.2,9.5,28.24,17.83,29.21,534,65.2,4.46
AB Agarkar,820,1174,29,254,113,41,IPL,136.7,8.59,40.48,28.28,30.98,698,59.45,5.32
Azhar Mahmood,552,707,29,199,73,18,IPL,92.0,7.68,24.38,19.03,36.05,400,56.58,6.07
DL Vettori,785,894,28,270,67,24,IPL,130.8,6.83,31.93,28.04,34.39,412,46.09,8.63
A Singh,486,639,28,189,67,17,IPL,81.0,7.89,22.82,17.36,38.89,370,57.9,5.79
PV Tambe,674,866,28,204,64,28,IPL,112.3,7.71,30.93,24.07,30.27,424,48.96,7.33
BA Stokes,723,1023,28,228,99,33,IPL,120.5,8.49,36.54,25.82,31.54,594,58.06,5.48
DP Nannes,689,815,28,285,89,15,IPL,114.8,7.1,29.11,24.61,41.36,446,54.72,6.62
Shahbaz Ahmed,675,1083,27,168,76,59,IPL,112.5,9.63,40.11,25.0,24.89,658,60.76,5.0
Yash Thakur,501,837,27,146,69,46,IPL,83.5,10.02,31.0,18.56,29.14,552,65.95,4.36
Suyash Sharma,822,1215,27,249,94,60,IPL,137.0,8.87,45.0,30.44,30.29,736,60.58,5.34
AD Mathews,807,1095,27,224,98,29,IPL,134.5,8.14,40.56,29.89,27.76,566,51.69,6.35
Harmeet Singh,574,747,27,201,69,22,IPL,95.7,7.81,27.67,21.26,35.02,408,54.62,6.31
MF Maharoof,441,532,27,165,46,16,IPL,73.5,7.24,19.7,16.33,37.41,280,52.63,7.11
DR Smith,557,825,26,168,75,33,IPL,92.8,8.89,31.73,21.42,30.16,498,60.36,5.16
Vijaykumar Vyshak,550,910,26,142,69,49,IPL,91.7,9.92,35.0,21.15,25.82,570,62.64,4.66
J Botha,709,818,25,254,60,24,IPL,118.2,6.92,32.72,28.36,35.83,384,46.94,8.44
SK Raina,930,1139,25,280,71,44,IPL,155.0,7.35,45.56,37.2,30.11,548,48.11,8.09
Naveen-ul-Haq,407,602,25,133,54,24,IPL,67.8,8.88,24.08,16.28,32.68,360,59.8,5.22
B Lee,916,1126,25,374,123,25,IPL,152.7,7.37,45.04,36.64,40.83,642,57.02,6.19
Mukesh Choudhary,512,780,25,198,84,35,IPL,85.3,9.14,31.2,20.48,38.67,546,70.0,4.3
R Dhawan,693,922,25,205,71,27,IPL,115.5,7.98,36.88,27.72,29.58,446,48.37,7.07
AS Rajpoot,567,844,24,192,89,31,IPL,94.5,8.93,35.17,23.62,33.86,542,64.22,4.72
Navdeep Saini,701,1006,24,277,108,39,IPL,116.8,8.61,41.92,29.21,39.51,666,66.2,4.77
GB Hogg,466,585,23,159,40,21,IPL,77.7,7.53,25.43,20.26,34.12,286,48.89,7.64
JP Duminy,701,847,23,234,53,33,IPL,116.8,7.25,36.83,30.48,33.38,410,48.41,8.15
C Green,603,916,23,192,79,45,IPL,100.5,9.11,39.83,26.22,31.84,586,63.97,4.86
SW Tait,534,668,23,200,71,12,IPL,89.0,7.51,29.04,23.22,37.45,356,53.29,6.43
Akash Madhwal,376,598,23,105,55,25,IPL,62.7,9.54,26.0,16.35,27.93,370,61.87,4.7
STR Binny,611,763,22,199,76,14,IPL,101.8,7.5,34.68,27.77,32.57,388,50.85,6.79
BW Hilfenhaus,390,497,22,173,48,21,IPL,65.0,7.65,22.59,17.73,44.36,318,63.98,5.65
Sohail Tanvir,265,275,22,121,27,7,IPL,44.2,6.22,12.5,12.05,45.66,150,54.55,7.79
Basil Thampi,539,862,22,152,75,41,IPL,89.8,9.6,39.18,24.5,28.2,546,63.34,4.65
K Gowtham,599,825,21,206,68,37,IPL,99.8,8.27,39.29,28.52,34.39,494,59.88,5.7
AS Joseph,454,707,21,162,53,43,IPL,75.7,9.34,33.67,21.62,35.68,470,66.48,4.73
N Burger,383,617,21,146,55,32,IPL,63.8,9.67,29.38,18.24,38.12,412,66.77,4.4
VY Mahesh,359,511,21,120,47,20,IPL,59.8,8.55,24.33,17.1,33.43,308,60.27,5.36
RE van der Merwe,455,515,21,148,25,17,IPL,75.8,6.79,24.52,21.67,32.53,202,39.22,10.83
A Symonds,540,694,20,190,44,33,IPL,90.0,7.71,34.7,27.0,35.19,374,53.89,7.01
C Sakariya,479,649,20,146,53,23,IPL,79.8,8.13,32.45,23.95,30.48,350,53.93,6.3
Mujeeb Ur Rahman,465,626,20,151,42,26,IPL,77.5,8.08,31.3,23.25,32.47,324,51.76,6.84
KW Richardson,345,479,19,129,40,23,IPL,57.5,8.33,25.21,18.16,37.39,298,62.21,5.48
J Suchith,434,604,19,140,47,26,IPL,72.3,8.35,31.79,22.84,32.26,344,56.95,5.95
RP Meredith,415,621,19,147,63,26,IPL,69.2,8.97,32.68,21.84,35.42,408,65.7,4.66
NT Ellis,390,553,19,117,46,21,IPL,65.0,8.51,29.11,20.53,30.0,310,56.06,5.82
Prince Yadav,475,695,19,156,64,30,IPL,79.2,8.78,36.58,25.0,32.84,436,62.73,5.05
DS Rathi,561,834,19,149,66,35,IPL,93.5,8.92,43.89,29.53,26.56,474,56.83,5.55
AD Mascarenhas,310,365,19,124,34,8,IPL,51.7,7.06,19.21,16.32,40.0,184,50.41,7.38
JP Behrendorff,379,563,19,139,55,26,IPL,63.2,8.91,29.63,19.95,36.68,376,66.79,4.68
WPUJC Vaas,288,364,18,128,40,13,IPL,48.0,7.58,20.22,16.0,44.44,238,65.38,5.43
Arshad Khan,400,675,18,133,72,34,IPL,66.7,10.12,37.5,22.22,33.25,492,72.89,3.77
CH Gayle,584,755,18,180,49,27,IPL,97.3,7.76,41.94,32.44,30.82,358,47.42,7.68
BB Sran,516,767,18,168,73,29,IPL,86.0,8.92,42.61,28.67,32.56,466,60.76,5.06
Anureet Singh,430,636,18,139,65,22,IPL,71.7,8.87,35.33,23.89,32.33,392,61.64,4.94
A Ashish Reddy,270,400,18,79,26,20,IPL,45.0,8.89,22.22,15.0,29.26,224,56.0,5.87
IC Pandey,469,609,18,212,77,17,IPL,78.2,7.79,33.83,26.06,45.2,410,67.32,4.99
BJ Hodge,238,310,17,75,17,14,IPL,39.7,7.81,18.24,14.0,31.51,152,49.03,7.68
Ashwani Kumar,196,336,17,57,33,18,IPL,32.7,10.28,19.76,11.53,29.08,240,71.43,3.84
R Shepherd,381,719,17,98,51,50,IPL,63.5,11.32,42.29,22.41,25.72,504,70.1,3.77
Bipul Sharma,436,581,17,131,28,31,IPL,72.7,7.99,34.18,25.65,30.05,298,51.29,7.39
CRD Fernando,249,306,17,99,30,9,IPL,41.5,7.37,18.0,14.65,39.76,174,56.86,6.38
KA Jamieson,315,508,16,114,50,28,IPL,52.5,9.68,31.75,19.69,36.19,368,72.44,4.04
R Rampaul,278,319,16,130,25,14,IPL,46.3,6.89,19.94,17.38,46.76,184,57.68,7.13
D Wiese,307,447,16,82,47,11,IPL,51.2,8.73,27.94,19.19,26.71,254,56.82,5.29
G Coetzee,292,490,15,90,41,26,IPL,48.7,10.06,32.67,19.47,30.82,320,65.31,4.36
AM Ghazanfar,237,390,15,69,29,24,IPL,39.5,9.87,26.0,15.8,29.11,260,66.67,4.47
AS Roy,351,482,15,106,36,23,IPL,58.5,8.24,32.13,23.4,30.2,282,58.51,5.95
YA Abdulla,222,311,15,88,32,13,IPL,37.0,8.41,20.73,14.8,39.64,206,66.24,4.93
Sakib Hussain,274,399,15,86,32,18,IPL,45.7,8.73,26.6,18.27,31.39,236,59.15,5.48
LR Shukla,326,458,15,109,39,16,IPL,54.3,8.43,30.53,21.73,33.44,252,55.02,5.93
Azmatullah Omarzai,369,579,15,118,59,24,IPL,61.5,9.41,38.6,24.6,31.98,380,65.63,4.45
RG Sharma,349,462,15,88,29,14,IPL,58.2,7.94,30.8,23.27,25.21,200,43.29,8.12
Mohammad Nabi,419,527,15,146,33,26,IPL,69.8,7.55,35.13,27.93,34.84,288,54.65,7.1
SJ Srivastava,306,444,14,103,50,13,IPL,51.0,8.71,31.71,21.86,33.66,278,62.61,4.86
KR Sen,255,396,14,83,41,16,IPL,42.5,9.32,28.29,18.21,32.55,260,65.66,4.47
Brijesh Sharma,297,452,14,84,51,13,IPL,49.5,9.13,32.29,21.21,28.28,282,62.39,4.64
J Overton,217,338,14,64,21,20,IPL,36.2,9.34,24.14,15.5,29.49,204,60.36,5.29
DR Sams,389,528,14,142,41,25,IPL,64.8,8.15,37.71,27.79,36.5,314,59.47,5.89
JR Hopes,369,562,14,105,44,28,IPL,61.5,9.14,40.14,26.36,28.46,344,61.21,5.12
PP Hinge,168,307,14,60,31,19,IPL,28.0,10.96,21.93,12.0,35.71,238,77.52,3.36
AC Thomas,327,416,14,126,41,11,IPL,54.5,7.63,29.71,23.36,38.53,230,55.29,6.29
Nithish Kumar Reddy,349,581,13,92,48,31,IPL,58.2,9.98,44.69,26.85,26.36,378,65.06,4.42
LS Livingstone,321,471,13,81,38,19,IPL,53.5,8.8,36.23,24.69,25.23,266,56.48,5.63
ST Jayasuriya,301,396,13,83,22,16,IPL,50.2,7.89,30.46,23.15,27.57,184,46.46,7.92
CK Langeveldt,165,199,13,69,17,8,IPL,27.5,7.24,15.31,12.69,41.82,116,58.29,6.6
S Lamichhane,211,297,13,75,21,17,IPL,35.2,8.44,22.85,16.23,35.55,186,62.63,5.55
TK Curran,252,432,13,57,33,23,IPL,42.0,10.29,33.23,19.38,22.62,270,62.5,4.5
CR Brathwaite,266,384,13,74,37,12,IPL,44.3,8.67,29.54,20.46,27.82,220,57.29,5.43
V Nigam,301,478,13,85,31,29,IPL,50.2,9.52,36.77,23.15,28.24,298,62.34,5.02
C Bosch,171,253,13,67,15,19,IPL,28.5,8.88,19.46,13.15,39.18,174,68.77,5.03
PVD Chameera,420,658,13,151,67,31,IPL,70.0,9.4,50.62,32.31,35.95,454,69.0,4.29
RR Powar,443,538,13,166,41,18,IPL,73.8,7.29,41.38,34.08,37.47,272,50.56,7.51
Akash Singh,256,406,13,91,49,16,IPL,42.7,9.51,31.23,19.69,35.55,292,71.92,3.94
Harsh Dubey,200,328,13,54,20,22,IPL,33.3,9.85,25.23,15.38,27.0,212,64.63,4.76
K Kartikeya,290,412,12,85,25,23,IPL,48.3,8.53,34.33,24.17,29.31,238,57.77,6.04
Umar Gul,153,198,12,51,17,5,IPL,25.5,7.76,16.5,12.75,33.33,98,49.49,6.95
Ankit Sharma,375,453,12,137,28,18,IPL,62.5,7.25,37.75,31.25,36.53,220,48.57,8.15
BA Bhatt,303,408,12,93,35,13,IPL,50.5,8.08,34.0,25.25,30.69,218,53.43,6.31
AN Ahmed,362,515,12,120,43,20,IPL,60.3,8.54,42.92,30.17,33.15,292,56.7,5.75
Karanveer Singh,213,323,12,64,19,19,IPL,35.5,9.1,26.92,17.75,30.05,190,58.82,5.61
GD McGrath,329,366,12,153,41,10,IPL,54.8,6.68,30.5,27.42,46.5,224,61.2,6.45
VRV Singh,371,549,12,114,58,16,IPL,61.8,8.88,45.75,30.92,30.73,328,59.74,5.01
Joginder Sharma,272,421,12,71,38,17,IPL,45.3,9.29,35.08,22.67,26.1,254,60.33,4.95
R McLaren,372,558,12,116,69,11,IPL,62.0,9.0,46.5,31.0,31.18,342,61.29,4.65
AB McDonald,188,263,11,50,20,11,IPL,31.3,8.4,23.91,17.09,26.6,146,55.51,6.06
J Theron,235,311,11,68,28,9,IPL,39.2,7.93,28.27,21.36,28.94,166,53.38,6.35
A Chandila,234,245,11,103,17,10,IPL,39.0,6.28,22.27,21.27,44.02,128,52.24,8.67
MA Wood,127,192,11,47,13,12,IPL,21.2,9.06,17.45,11.55,37.01,124,64.58,5.08
CJ Anderson,315,525,11,79,52,23,IPL,52.5,10.0,47.73,28.64,25.08,346,65.9,4.2
DJG Sammy,244,354,11,72,33,12,IPL,40.7,8.7,32.18,22.18,29.51,204,57.63,5.42
S Badree,263,329,11,109,28,14,IPL,43.8,7.51,29.91,23.91,41.44,196,59.57,6.26
RS Bopara,213,301,11,61,25,10,IPL,35.5,8.48,27.36,19.36,28.64,160,53.16,6.09
SM Pollock,280,307,11,130,30,9,IPL,46.7,6.57,27.91,25.45,46.43,174,56.68,7.18
Pankaj Singh,311,472,11,111,52,17,IPL,51.8,9.11,42.91,28.27,35.69,310,65.68,4.51
Abhishek Sharma,374,558,11,97,40,27,IPL,62.3,8.96,50.73,34.0,25.94,322,57.71,5.58
JL Pattinson,222,321,11,77,34,10,IPL,37.0,8.68,29.18,20.18,34.68,196,61.06,5.05
OC McCoy,180,255,11,49,20,9,IPL,30.0,8.5,23.18,16.36,27.22,134,52.55,6.21
Simarjeet Singh,256,411,11,102,36,25,IPL,42.7,9.63,37.36,23.27,39.84,294,71.53,4.2
J Little,236,341,11,82,30,16,IPL,39.3,8.68,31.0,21.45,34.75,216,63.34,5.13
TS Mills,218,349,11,69,37,14,IPL,36.3,9.61,31.73,19.82,31.65,232,66.48,4.27
V Pratap Singh,211,300,10,71,31,10,IPL,35.2,8.52,30.0,21.1,33.65,184,61.33,5.15
N Rana,223,326,10,65,31,13,IPL,37.2,8.76,32.6,22.3,29.15,202,61.96,5.07
B Laughlin,179,284,10,42,26,10,IPL,29.8,9.53,28.4,17.9,23.46,164,57.75,4.97
SC Ganguly,280,370,10,75,25,14,IPL,46.7,7.92,37.0,28.0,26.79,184,49.73,7.18
DJ Hooda,391,550,10,102,40,23,IPL,65.2,8.44,55.0,39.1,26.09,298,54.18,6.21
BCJ Cutting,288,430,10,77,44,15,IPL,48.0,8.96,43.0,28.8,26.74,266,61.86,4.88
Kamran Khan,177,248,10,63,25,10,IPL,29.5,8.41,24.8,17.7,35.59,160,64.52,5.06
WG Jacks,203,315,10,62,25,17,IPL,33.8,9.32,31.5,20.3,30.54,202,64.13,4.83
Akash Deep,302,554,10,89,48,33,IPL,50.3,11.01,55.4,30.2,29.47,390,70.4,3.73
Lalit Yadav,294,430,10,82,26,24,IPL,49.0,8.78,43.0,29.4,27.89,248,57.67,5.88
AG Murtaza,269,322,9,101,22,14,IPL,44.8,7.19,35.78,29.89,37.55,172,53.42,7.47
N Thushara,198,289,9,58,28,10,IPL,33.0,8.76,32.11,22.0,29.29,172,59.52,5.21
KMA Paul,180,239,9,52,18,8,IPL,30.0,7.97,26.56,20.0,28.89,120,50.21,6.92
Shahid Afridi,185,237,9,57,19,7,IPL,30.8,7.69,26.33,20.56,30.81,118,49.79,7.12
Shivang Kumar,240,376,9,62,30,19,IPL,40.0,9.4,41.78,26.67,25.83,234,62.23,4.9
AM Nayar,239,323,9,69,22,13,IPL,39.8,8.12,35.89,26.56,28.87,166,51.39,6.83
R Parag,334,516,9,70,32,25,IPL,55.7,9.26,57.33,37.11,20.96,278,53.88,5.86
MN Samuels,219,285,9,79,23,12,IPL,36.5,7.81,31.67,24.33,36.07,164,57.54,6.26
IS Sodhi,182,204,9,64,9,8,IPL,30.3,6.73,22.67,20.22,35.16,84,41.18,10.71
P Parameswaran,159,226,9,64,23,10,IPL,26.5,8.53,25.11,17.67,40.25,152,67.26,4.82
V Shankar,258,344,9,80,29,12,IPL,43.0,8.0,38.22,28.67,31.01,188,54.65,6.29
JEC Franklin,155,225,9,39,21,6,IPL,25.8,8.72,25.0,17.22,25.16,120,53.33,5.74
SE Bond,191,225,9,75,27,3,IPL,31.8,7.08,25.0,21.22,39.27,126,56.0,6.37
AJ Hosein,175,239,9,63,18,13,IPL,29.2,8.18,26.56,19.44,36.0,150,62.76,5.65
SMSM Senanayake,195,211,9,73,17,5,IPL,32.5,6.49,23.44,21.67,37.44,98,46.45,8.86
BE Hendricks,157,239,9,52,24,7,IPL,26.2,9.12,26.56,17.44,33.12,138,57.74,5.06
Yash Raj Punja,186,281,9,47,14,18,IPL,31.0,9.06,31.22,20.67,25.27,164,58.36,5.81
JDP Oram,244,362,9,79,34,14,IPL,40.7,8.89,40.22,27.11,32.38,220,60.77,5.08
JA Duffy,156,266,9,54,23,18,IPL,26.0,10.23,29.56,17.33,34.62,200,75.19,3.8
M Siddharth,193,285,9,59,18,16,IPL,32.2,8.85,31.67,21.44,30.57,168,58.95,5.68
MP Yadav,230,371,9,92,30,25,IPL,38.3,9.69,41.22,25.56,40.0,270,72.78,4.18
KP Appanna,222,291,9,68,20,11,IPL,37.0,7.86,32.33,24.67,30.63,146,50.17,7.16
AA Chavan,255,339,8,100,28,16,IPL,42.5,7.98,42.38,31.88,39.22,208,61.36,5.8
Anand Rajan,162,206,8,57,17,8,IPL,27.0,7.63,25.75,20.25,35.19,116,56.31,6.48
Yudhvir Singh,145,257,8,54,28,13,IPL,24.2,10.62,32.12,18.12,37.24,190,73.93,3.54
J Yadav,398,447,8,153,31,15,IPL,66.3,6.74,55.88,49.75,38.44,214,47.87,8.65
J Syed Mohammad,196,286,8,47,18,12,IPL,32.7,8.75,35.75,24.5,23.98,144,50.35,6.53
Mohammad Asif,199,307,8,64,37,8,IPL,33.2,9.25,38.38,24.88,32.16,196,63.84,4.42
JDS Neesham,222,342,8,63,32,14,IPL,37.0,9.24,42.75,27.75,28.38,212,61.99,4.83
SB Styris,222,278,8,83,19,14,IPL,37.0,7.51,34.75,27.75,37.39,160,57.55,6.73
T Thushara,144,164,8,57,15,4,IPL,24.0,6.83,20.5,18.0,39.58,84,51.22,7.58
S Sandeep Warrier,176,257,8,72,25,14,IPL,29.3,8.77,32.12,22.0,40.91,184,71.6,4.51
I Udana,182,286,8,45,26,11,IPL,30.3,9.44,35.75,22.75,24.73,170,59.44,4.92
BAW Mendis,248,306,8,76,17,12,IPL,41.3,7.41,38.25,31.0,30.65,140,45.75,8.55
JD Ryder,241,314,8,79,21,13,IPL,40.2,7.81,39.25,30.12,32.78,162,51.59,7.09
DJ Hussey,323,485,8,86,30,25,IPL,53.8,9.01,60.62,40.38,26.63,270,55.67,5.87
KC Cariappa,224,349,8,61,23,19,IPL,37.3,9.36,43.62,28.0,27.23,206,59.03,5.33
PC Valthaty,153,207,7,44,15,7,IPL,25.5,8.12,29.57,21.86,28.76,102,49.28,6.95
A Mithun,312,477,7,90,42,21,IPL,52.0,9.17,68.14,44.57,28.85,294,61.64,4.95
KM Asif,143,232,7,46,16,14,IPL,23.8,9.75,33.14,20.43,32.17,148,63.79,4.77
B Stanlake,150,200,7,64,19,9,IPL,25.0,8.0,28.57,21.43,42.67,130,65.0,5.36
AF Milne,238,381,7,71,37,15,IPL,39.7,9.6,54.43,34.0,29.83,238,62.47,4.58
P Amarnath,132,241,7,29,29,7,IPL,22.0,10.95,34.43,18.86,21.97,158,65.56,3.67
XC Bartlett,269,486,7,82,52,23,IPL,44.8,10.85,69.43,38.43,30.48,346,71.19,3.59
Ramandeep Singh,66,95,7,13,6,4,IPL,11.0,8.64,13.57,9.43,19.7,48,50.53,6.6
KP Pietersen,180,218,7,54,10,9,IPL,30.0,7.27,31.14,25.71,30.0,94,43.12,9.47
SH Johnson,243,403,7,85,44,19,IPL,40.5,9.95,57.57,34.71,34.98,290,71.96,3.86
AM Salvi,156,205,7,57,18,7,IPL,26.0,7.88,29.29,22.29,36.54,114,55.61,6.24
GC Viljoen,146,229,7,43,25,6,IPL,24.3,9.42,32.71,20.86,29.45,136,59.39,4.71
HF Gurney,169,239,7,50,23,7,IPL,28.2,8.48,34.14,24.14,29.59,134,56.07,5.63
Swapnil Singh,165,241,7,39,14,12,IPL,27.5,8.76,34.43,23.57,23.64,128,53.11,6.35
M Ntini,213,257,7,99,29,8,IPL,35.5,7.24,36.71,30.43,46.48,164,63.81,5.76
JE Taylor,122,167,6,48,10,9,IPL,20.3,8.23,27.83,20.33,39.34,94,56.29,6.42
Fazalhaq Farooqi,266,440,6,80,55,12,IPL,44.3,9.93,73.33,44.33,30.08,292,66.36,3.97
Jaskaran Singh,111,174,6,39,23,4,IPL,18.5,9.41,29.0,18.5,35.14,116,66.67,4.11
MG Bracewell,66,95,6,26,7,6,IPL,11.0,8.64,15.83,11.0,39.39,64,67.37,5.08
K Khejroliya,163,281,6,39,21,16,IPL,27.2,10.33,46.83,27.17,23.93,180,64.06,4.41
S Randiv,180,223,6,60,20,5,IPL,30.0,7.43,37.17,30.0,33.33,110,49.33,7.2
S Dube,162,287,6,30,24,12,IPL,27.0,10.63,47.83,27.0,18.52,168,58.54,4.5
DJ Willey,221,277,6,79,28,8,IPL,36.8,7.53,46.17,36.83,35.75,160,57.76,6.14
S Tyagi,220,304,6,93,34,12,IPL,36.7,8.28,50.67,36.67,42.27,208,68.42,4.78
VS Malik,212,268,6,84,30,6,IPL,35.3,7.59,44.67,35.33,39.62,156,58.21,5.89
V Puthur,73,109,6,24,4,9,IPL,12.2,8.93,18.17,12.17,32.88,70,64.22,5.62
Zeeshan Ansari,209,334,6,47,24,17,IPL,34.8,9.6,55.67,34.83,22.49,198,59.28,5.1
SS Cottrell,131,177,6,58,19,8,IPL,21.8,8.12,29.5,21.83,44.27,124,70.06,4.85
V Sehwag,138,236,6,44,19,16,IPL,23.0,10.26,39.33,23.0,31.88,172,72.88,3.94
Y Venugopal Rao,222,338,6,59,30,13,IPL,37.0,9.14,56.33,37.0,26.58,198,58.58,5.16
RR Raje,144,214,6,39,23,4,IPL,24.0,8.92,35.67,24.0,27.08,116,54.21,5.33
TL Suman,152,198,6,43,8,10,IPL,25.3,7.83,33.0,25.33,28.29,92,46.46,8.44
B Akhil,193,246,6,60,18,9,IPL,32.2,7.64,41.0,32.17,31.09,126,51.22,7.15
W O'Rourke,64,132,6,15,16,6,IPL,10.7,12.34,22.0,10.67,23.44,100,75.76,2.91
Ashok Sharma,136,233,6,48,21,14,IPL,22.7,10.26,38.83,22.67,35.29,168,72.1,3.89
AK Markram,230,358,6,55,18,23,IPL,38.3,9.35,59.67,38.33,23.91,210,58.66,5.61
DG Nalkande,89,150,6,22,10,8,IPL,14.8,10.14,25.0,14.83,24.72,88,58.67,4.94
OF Smith,95,179,6,35,12,16,IPL,15.8,11.33,29.83,15.83,36.84,144,80.45,3.39
D Pretorius,166,242,6,42,14,11,IPL,27.7,8.74,40.33,27.67,25.3,122,50.41,6.64
S Kaushik,210,304,6,68,25,14,IPL,35.0,8.69,50.67,35.0,32.38,184,60.53,5.38
C de Grandhomme,230,323,6,58,22,13,IPL,38.3,8.43,53.83,38.33,25.22,166,51.39,6.57
A Choudhary,108,144,5,42,13,6,IPL,18.0,8.0,28.8,21.6,38.89,88,61.11,5.68
Gurkeerat Singh,82,97,5,26,6,3,IPL,13.7,7.08,19.4,16.4,31.71,42,43.3,9.11
R Shukla,130,217,5,38,21,9,IPL,21.7,10.0,43.4,26.0,29.23,138,63.59,4.33
SR Dubey,87,110,5,37,10,5,IPL,14.5,7.59,22.0,17.4,42.53,70,63.64,5.8
O Thomas,63,85,5,17,9,1,IPL,10.5,8.1,17.0,12.6,26.98,42,49.41,6.3
Shoaib Akhtar,46,54,5,23,6,2,IPL,7.7,7.01,10.8,9.2,50.0,36,66.67,5.75
Shashank Singh,93,141,5,21,12,5,IPL,15.5,9.1,28.2,18.6,22.58,78,55.32,5.47
KL Nagarkoti,185,287,5,50,21,14,IPL,30.8,9.32,57.4,37.0,27.03,168,58.54,5.29
HR Shokeen,213,320,5,78,20,20,IPL,35.5,9.01,64.0,42.6,36.62,200,62.5,5.32
S Ladda,141,225,5,48,12,17,IPL,23.5,9.57,45.0,28.2,34.04,150,66.67,4.86
Shoaib Ahmed,103,154,5,33,14,7,IPL,17.2,8.95,30.8,20.6,32.04,98,63.64,4.9
FH Edwards,150,160,5,70,20,2,IPL,25.0,6.4,32.0,30.0,46.67,92,57.5,6.82
TM Dilshan,275,368,5,79,27,15,IPL,45.8,8.03,73.6,55.0,28.73,198,53.8,6.55
SB Wagh,108,147,5,45,21,2,IPL,18.0,8.17,29.4,21.6,41.67,96,65.31,4.7
PD Collingwood,90,101,5,24,4,3,IPL,15.0,6.73,20.2,18.0,26.67,34,33.66,12.86
RJW Topley,125,222,5,44,23,13,IPL,20.8,10.67,44.4,25.0,35.2,170,76.58,3.47
S Narwal,113,203,5,37,17,13,IPL,18.8,10.8,40.6,22.6,32.74,146,71.92,3.77
KMDN Kulasekara,107,122,5,45,16,0,IPL,17.8,6.85,24.4,21.4,42.06,64,52.46,6.69
M de Lange,116,171,5,39,21,4,IPL,19.3,8.86,34.2,23.2,33.62,108,63.16,4.64
AP Dole,73,114,5,20,11,4,IPL,12.2,9.34,22.8,14.6,27.4,68,59.65,4.87
RV Gomez,97,130,5,37,10,7,IPL,16.2,8.02,26.0,19.4,38.14,82,63.08,5.71
M Tiwari,75,105,4,19,9,3,IPL,12.5,8.4,26.25,18.75,25.33,54,51.43,6.25
V Kohli,264,371,4,52,25,11,IPL,44.0,8.43,92.75,66.0,19.7,166,44.74,7.33
A Badoni,41,64,4,8,2,4,IPL,6.8,9.41,16.0,10.25,19.51,32,50.0,6.83
SB Bangar,153,221,4,55,24,7,IPL,25.5,8.67,55.25,38.25,35.95,138,62.44,4.94
Arjun Tendulkar,107,153,4,36,14,6,IPL,17.8,8.6,38.25,26.75,33.64,92,60.13,5.35
Parvez Rasool,200,273,4,60,22,11,IPL,33.3,8.2,68.25,50.0,30.0,154,56.41,6.06
MJ Henry,166,314,4,40,26,18,IPL,27.7,11.34,78.5,41.5,24.1,212,67.52,3.77
S Dhawan,49,72,4,17,7,3,IPL,8.2,8.78,18.0,12.25,34.69,46,63.89,4.9
T Stubbs,37,69,4,12,4,6,IPL,6.2,11.13,17.25,9.25,32.43,52,75.36,3.7
D du Preez,43,56,4,18,6,1,IPL,7.2,7.78,14.0,10.75,41.86,30,53.57,6.14
Y Nagar,72,125,4,16,11,6,IPL,12.0,10.42,31.25,18.0,22.22,80,64.0,4.24
LE Plunkett,154,228,4,39,15,12,IPL,25.7,8.87,57.0,38.5,25.32,132,57.89,5.7
B Muzarabani,44,79,4,12,9,3,IPL,7.3,10.82,19.75,11.0,27.27,54,68.35,3.67
DP Vijaykumar,159,205,4,63,23,5,IPL,26.5,7.74,51.25,39.75,39.62,122,59.51,5.68
WA Mota,75,98,4,24,4,5,IPL,12.5,7.84,24.5,18.75,32.0,46,46.94,8.33
Shivam Sharma,114,165,4,37,9,10,IPL,19.0,8.68,41.25,28.5,32.46,96,58.18,6.0
DJ Muthuswami,84,108,4,44,14,3,IPL,14.0,7.71,27.0,21.0,52.38,74,68.52,4.94
Gurjapneet Singh,159,233,4,46,15,13,IPL,26.5,8.79,58.25,39.75,28.93,138,59.23,5.68
JW Hastings,61,66,3,31,11,0,IPL,10.2,6.47,22.0,20.33,50.82,44,66.67,5.55
TM Head,64,121,3,10,7,8,IPL,10.7,11.31,40.33,21.33,15.62,76,62.81,4.27
JA Richardson,94,162,3,30,12,10,IPL,15.7,10.32,54.0,31.33,31.91,108,66.67,4.27
K Santokie,51,91,3,15,6,6,IPL,8.5,10.71,30.33,17.0,29.41,60,65.93,4.25
Abhinandan Singh,60,122,3,15,13,7,IPL,10.0,12.2,40.67,20.0,25.0,94,77.05,3.0
GHS Garton,97,136,3,31,11,6,IPL,16.2,8.4,45.33,32.33,31.96,80,58.82,5.71
T Shamsi,120,185,3,28,14,8,IPL,20.0,9.25,61.67,40.0,23.33,104,56.22,5.45
Sikandar Raza,88,146,3,21,15,4,IPL,14.7,9.93,48.67,29.33,23.86,84,57.53,4.63
RS Hangargekar,43,60,3,14,6,2,IPL,7.2,8.33,20.0,14.33,32.56,36,60.0,5.38
R Sathish,144,233,3,30,18,10,IPL,24.0,9.71,77.67,48.0,20.83,132,56.65,5.14
SM Harwood,67,74,3,33,6,2,IPL,11.2,6.61,24.67,22.33,49.25,36,48.65,8.38
JM Kemp,47,58,3,15,6,1,IPL,7.8,7.44,19.33,15.67,31.91,30,51.72,6.71
R Ninan,36,65,3,8,3,5,IPL,6.0,10.83,21.67,12.0,22.22,42,64.62,4.5
L Ablish,45,76,3,10,11,1,IPL,7.5,10.13,25.33,15.0,22.22,50,65.79,3.75
P Sahu,107,152,3,24,11,5,IPL,17.8,8.54,50.67,35.67,22.43,74,48.68,6.69
JJ van der Wath,76,134,3,29,17,6,IPL,12.7,10.55,44.67,25.33,38.16,104,77.61,3.3
AL Menaria,113,144,3,40,15,4,IPL,18.8,7.66,48.0,37.67,35.4,84,58.33,5.95
DAJ Bracewell,25,32,3,10,2,2,IPL,4.2,7.62,10.67,8.33,40.0,20,62.5,6.25
RJ Peterson,48,70,3,21,5,5,IPL,8.0,8.75,23.33,16.0,43.75,50,71.43,4.8
Gagandeep Singh,84,142,3,25,14,6,IPL,14.0,10.14,47.33,28.0,29.76,92,64.79,4.2
DJ Thornely,44,40,3,19,5,0,IPL,7.3,5.48,13.33,14.67,43.18,20,50.0,8.8
VR Iyer,84,145,3,15,12,7,IPL,14.0,10.36,48.33,28.0,17.86,90,62.07,4.42
SD Chitnis,38,62,2,9,4,3,IPL,6.3,9.84,31.0,19.0,23.68,34,54.84,5.43
SM Boland,43,56,2,14,6,1,IPL,7.2,7.78,28.0,21.5,32.56,30,53.57,6.14
PH Solanki,36,39,2,11,1,2,IPL,6.0,6.5,19.5,18.0,30.56,16,41.03,12.0
RN ten Doeschate,83,94,2,22,4,3,IPL,13.8,6.81,47.0,41.5,26.51,34,36.17,11.86
ND Doshi,57,79,2,24,5,6,IPL,9.5,8.32,39.5,28.5,42.11,56,70.89,5.18
Sachin Baby,10,8,2,5,1,0,IPL,1.7,4.71,4.0,5.0,50.0,4,50.0,10.0
Mayank Dagar,138,205,2,43,14,11,IPL,23.0,8.91,102.5,69.0,31.16,122,59.51,5.52
LJ Wright,75,125,2,14,5,9,IPL,12.5,10.0,62.5,37.5,18.67,74,59.2,5.36
Ankit Soni,112,145,2,37,8,7,IPL,18.7,7.75,72.5,56.0,33.04,74,51.03,7.47
KT Maphaka,71,148,2,22,18,8,IPL,11.8,12.54,74.0,35.5,30.99,120,81.08,2.73
A Flintoff,66,106,2,20,7,7,IPL,11.0,9.64,53.0,33.0,30.3,70,66.04,4.71
C Nanda,50,58,2,13,1,2,IPL,8.3,6.99,29.0,25.0,26.0,16,27.59,16.67
A Uniyal,38,67,2,8,6,3,IPL,6.3,10.63,33.5,19.0,21.05,42,62.69,4.22
JPR Scantlebury-Searles,45,89,2,7,4,7,IPL,7.5,11.87,44.5,22.5,15.56,58,65.17,4.09
MJ Suthar,50,94,2,17,8,7,IPL,8.3,11.33,47.0,25.0,34.0,74,78.72,3.33
SC Kuggeleijn,50,71,2,17,6,3,IPL,8.3,8.55,35.5,25.0,34.0,42,59.15,5.56
RJ Gleeson,73,111,2,24,14,3,IPL,12.2,9.1,55.5,36.5,32.88,74,66.67,4.29
P Dubey,79,112,2,23,10,5,IPL,13.2,8.48,56.0,39.5,29.11,70,62.5,5.27
PHKD Mendis,42,60,2,11,4,3,IPL,7.0,8.57,30.0,21.0,26.19,34,56.67,6.0
FA Allen,91,136,2,26,11,7,IPL,15.2,8.95,68.0,45.5,28.57,86,63.24,5.06
Abdul Samad,58,125,2,12,6,10,IPL,9.7,12.89,62.5,29.0,20.69,84,67.2,3.62
P Suyal,107,154,2,36,16,5,IPL,17.8,8.65,77.0,53.5,33.64,94,61.04,5.1
DA Payne,31,70,2,5,6,5,IPL,5.2,13.46,35.0,15.5,16.13,54,77.14,2.82
MA Khote,30,52,2,5,4,2,IPL,5.0,10.4,26.0,15.0,16.67,28,53.85,5.0
V Kaverappa,24,36,2,11,2,3,IPL,4.0,9.0,18.0,12.0,45.83,26,72.22,4.8
DNT Zoysa,69,100,2,24,12,3,IPL,11.5,8.7,50.0,34.5,34.78,66,66.0,4.6
Shoaib Malik,58,87,2,15,7,3,IPL,9.7,8.97,43.5,29.0,25.86,46,52.87,5.8
D Kalyankrishna,50,88,2,10,8,4,IPL,8.3,10.6,44.0,25.0,20.0,56,63.64,4.17
K Yadav,54,85,2,13,6,4,IPL,9.0,9.44,42.5,27.0,24.07,48,56.47,5.4
Mohammad Hafeez,63,71,2,22,5,2,IPL,10.5,6.76,35.5,31.5,34.92,32,45.07,9.0
RA Bawa,32,50,2,7,2,3,IPL,5.3,9.43,25.0,16.0,21.88,26,52.0,6.4
KA Maharaj,36,39,2,11,2,1,IPL,6.0,6.5,19.5,18.0,30.56,14,35.9,12.0
KJ Abbott,102,182,2,28,24,4,IPL,17.0,10.71,91.0,51.0,27.45,120,65.93,3.64
SS Mishra,47,68,2,15,6,3,IPL,7.8,8.72,34.0,23.5,31.91,42,61.76,5.22
MJ Clarke,66,72,2,22,4,2,IPL,11.0,6.55,36.0,33.0,33.33,28,38.89,11.0
GD Phillips,31,40,2,10,4,1,IPL,5.2,7.69,20.0,15.5,32.26,22,55.0,6.2
AU Rashid,60,91,2,20,4,7,IPL,10.0,9.1,45.5,30.0,33.33,58,63.74,5.45
S Vidyut,13,22,1,5,1,2,IPL,2.2,10.0,22.0,13.0,38.46,16,72.73,4.33
Y Prithvi Raj,33,57,1,8,6,2,IPL,5.5,10.36,57.0,33.0,24.24,36,63.16,4.12
SE Rutherford,46,60,1,7,4,1,IPL,7.7,7.79,60.0,46.0,15.22,22,36.67,9.2
D Salunkhe,51,80,1,13,6,3,IPL,8.5,9.41,80.0,51.0,25.49,42,52.5,5.67
B Geeves,49,91,1,15,17,1,IPL,8.2,11.1,91.0,49.0,30.61,74,81.32,2.72
Musheer Khan,12,27,1,1,2,2,IPL,2.0,13.5,27.0,12.0,8.33,20,74.07,3.0
LI Meriwala,19,32,1,6,4,1,IPL,3.2,10.0,32.0,19.0,31.58,22,68.75,3.8
DJ Mitchell,51,97,1,5,9,4,IPL,8.5,11.41,97.0,51.0,9.8,60,61.86,3.92
PVSN Raju,29,54,1,3,4,3,IPL,4.8,11.25,54.0,29.0,10.34,34,62.96,4.14
PM Sarvesh Kumar,31,42,1,11,7,0,IPL,5.2,8.08,42.0,31.0,35.48,28,66.67,4.43
DB Ravi Teja,18,28,1,4,1,2,IPL,3.0,9.33,28.0,18.0,22.22,16,57.14,6.0
AC Gilchrist,1,0,1,1,0,0,IPL,0.2,0.0,0.0,1.0,100.0,0,0.0,
CJ McKay,42,60,1,14,8,1,IPL,7.0,8.57,60.0,42.0,33.33,38,63.33,4.67
NB Singh,25,18,1,13,2,0,IPL,4.2,4.29,18.0,25.0,52.0,8,44.44,12.5
SS Agarwal,24,42,1,7,3,3,IPL,4.0,10.5,42.0,24.0,29.17,30,71.43,4.0
D Jansen,28,53,1,6,3,4,IPL,4.7,11.28,53.0,28.0,21.43,36,67.92,4.0
SSB Magala,37,52,1,5,5,0,IPL,6.2,8.39,52.0,37.0,13.51,20,38.46,7.4
MK Lomror,94,127,1,22,8,5,IPL,15.7,8.09,127.0,94.0,23.4,62,48.82,7.23
MK Tiwary,45,83,1,9,2,7,IPL,7.5,11.07,83.0,45.0,20.0,50,60.24,5.0
TP Sudhindra,74,137,1,18,9,9,IPL,12.3,11.14,137.0,74.0,24.32,90,65.69,4.11
SA Abbott,59,104,1,13,13,3,IPL,9.8,10.61,104.0,59.0,22.03,70,67.31,3.69
SS Mundhe,7,6,1,4,1,0,IPL,1.2,5.0,6.0,7.0,57.14,4,66.67,7.0
RS Ghosh,18,24,1,6,4,0,IPL,3.0,8.0,24.0,18.0,33.33,16,66.67,4.5
D Ferreira,18,41,1,2,3,3,IPL,3.0,13.67,41.0,18.0,11.11,30,73.17,3.0
D Madushanka,28,36,1,8,3,1,IPL,4.7,7.66,36.0,28.0,28.57,18,50.0,7.0
GF Linde,37,55,1,10,6,2,IPL,6.2,8.87,55.0,37.0,27.03,36,65.45,4.62
BMAJ Mendis,30,36,1,11,2,2,IPL,5.0,7.2,36.0,30.0,36.67,20,55.56,7.5
R Powell,21,35,1,4,2,2,IPL,3.5,10.0,35.0,21.0,19.05,20,57.14,5.25
L Wood,38,94,1,8,12,5,IPL,6.3,14.92,94.0,38.0,21.05,78,82.98,2.24
AA Jhunjhunwala,88,130,1,27,10,5,IPL,14.7,8.84,130.0,88.0,30.68,70,53.85,5.87
DJM Short,18,23,1,7,1,1,IPL,3.0,7.67,23.0,18.0,38.89,10,43.48,9.0
AM Rahane,6,5,1,2,0,0,IPL,1.0,5.0,5.0,6.0,33.33,0,0.0,
LA Carseldine,7,6,1,4,1,0,IPL,1.2,5.0,6.0,7.0,57.14,4,66.67,7.0
AJ Finch,44,67,1,13,4,4,IPL,7.3,9.18,67.0,44.0,29.55,40,59.7,5.5
SS Sarkar,25,34,1,4,4,0,IPL,4.2,8.1,34.0,25.0,16.0,16,47.06,6.25
GH Vihari,43,48,1,17,5,1,IPL,7.2,6.67,48.0,43.0,39.53,26,54.17,7.17
GR Napier,24,28,1,8,2,1,IPL,4.0,7.0,28.0,24.0,33.33,14,50.0,8.0
D Brevis,3,8,1,1,2,0,IPL,0.5,16.0,8.0,3.0,33.33,8,100.0,1.5
M Shahrukh Khan,18,29,1,4,1,2,IPL,3.0,9.67,29.0,18.0,22.22,16,55.17,6.0
LB Williams,42,74,1,12,7,3,IPL,7.0,10.57,74.0,42.0,28.57,46,62.16,4.2
V Viyaskanth,60,90,1,16,4,6,IPL,10.0,9.0,90.0,60.0,26.67,52,57.78,6.0
T Henderson,36,41,1,14,5,0,IPL,6.0,6.83,41.0,36.0,38.89,20,48.78,7.2
A Nel,18,31,1,7,3,2,IPL,3.0,10.33,31.0,18.0,38.89,24,77.42,3.6
CL White,46,86,1,8,5,6,IPL,7.7,11.17,86.0,46.0,17.39,56,65.12,4.18
IC Porel,26,42,1,7,6,1,IPL,4.3,9.77,42.0,26.0,26.92,30,71.43,3.71
MD Shanaka,38,62,1,7,5,2,IPL,6.3,9.84,62.0,38.0,18.42,32,51.61,5.43
AA Noffke,25,41,1,6,2,2,IPL,4.2,9.76,41.0,25.0,24.0,20,48.78,6.25
RG More,37,63,1,4,5,1,IPL,6.2,10.16,63.0,37.0,10.81,26,41.27,6.17
LMP Simmons,18,34,1,2,2,2,IPL,3.0,11.33,34.0,18.0,11.11,20,58.82,4.5
SB Joshi,55,82,1,18,6,5,IPL,9.2,8.91,82.0,55.0,32.73,54,65.85,5.0
GS Sandhu,48,86,1,9,8,2,IPL,8.0,10.75,86.0,48.0,18.75,44,51.16,4.8
BJ Dwarshuis,26,51,1,6,4,3,IPL,4.3,11.86,51.0,26.0,23.08,34,66.67,3.71
Raghu Sharma,90,130,1,23,5,8,IPL,15.0,8.67,130.0,90.0,25.56,68,52.31,6.92
M Vijay,37,49,0,8,6,0,IPL,6.2,7.9,,,21.62,24,48.98,6.17
DA Warner,2,2,0,0,0,0,IPL,0.3,6.67,,,0.0,0,0.0,
KS Williamson,18,31,0,2,1,2,IPL,3.0,10.33,,,11.11,16,51.61,6.0
CJ Green,17,24,0,6,4,0,IPL,2.8,8.57,,,35.29,16,66.67,4.25
Monu Kumar,16,20,0,4,2,0,IPL,2.7,7.41,,,25.0,8,40.0,8.0
VS Yeligati,32,61,0,6,7,2,IPL,5.3,11.51,,,18.75,40,65.57,3.56
Jalaj S Saxena,18,27,0,5,4,0,IPL,3.0,9.0,,,27.78,16,59.26,4.5
Suryansh Shedge,19,40,0,1,3,2,IPL,3.2,12.5,,,5.26,24,60.0,3.8
Karim Janat,6,30,0,0,3,3,IPL,1.0,30.0,,,0.0,30,100.0,1.0
SA Yadav,6,8,0,2,1,0,IPL,1.0,8.0,,,33.33,4,50.0,6.0
C Munro,12,15,0,5,1,1,IPL,2.0,7.5,,,41.67,10,66.67,6.0
SPD Smith,2,5,0,0,1,0,IPL,0.3,16.67,,,0.0,4,80.0,2.0
Tejas Baroka,21,33,0,6,2,2,IPL,3.5,9.43,,,28.57,20,60.61,5.25
Sunny Gupta,19,47,0,0,4,3,IPL,3.2,14.69,,,0.0,34,72.34,2.71
PR Veer,12,25,0,5,1,3,IPL,2.0,12.5,,,41.67,22,88.0,3.0
Krish Bhagat,36,63,0,15,5,5,IPL,6.0,10.5,,,41.67,50,79.37,3.6
K Upadhyay,56,81,0,20,9,3,IPL,9.3,8.71,,,35.71,54,66.67,4.67
RV Patel,20,22,0,5,2,0,IPL,3.3,6.67,,,25.0,8,36.36,10.0
YBK Jaiswal,1,6,0,0,0,1,IPL,0.2,30.0,,,0.0,6,100.0,1.0
T Vijay,12,29,0,2,3,2,IPL,2.0,14.5,,,16.67,24,82.76,2.4
Tilak Varma,23,28,0,8,4,0,IPL,3.8,7.37,,,34.78,16,57.14,5.75
K Goel,67,94,0,19,9,2,IPL,11.2,8.39,,,28.36,48,51.06,6.09
CK Kapugedera,17,49,0,0,5,3,IPL,2.8,17.5,,,0.0,38,77.55,2.12
LPC Silva,6,21,0,0,0,3,IPL,1.0,21.0,,,0.0,18,85.71,2.0
PWA Mulder,6,16,0,1,2,1,IPL,1.0,16.0,,,16.67,14,87.5,2.0
SS Iyer,6,7,0,4,0,1,IPL,1.0,7.0,,,66.67,6,85.71,6.0
Gulbadin Naib,6,12,0,1,2,0,IPL,1.0,12.0,,,16.67,8,66.67,3.0
N Wadhera,17,22,0,3,1,1,IPL,2.8,7.86,,,17.65,10,45.45,8.5
Atharva Taide,1,4,0,0,1,0,IPL,0.2,20.0,,,0.0,4,100.0,1.0
Ishan Kishan,1,4,0,0,1,0,IPL,0.2,20.0,,,0.0,4,100.0,1.0
Aman Hakim Khan,6,13,0,1,1,1,IPL,1.0,13.0,,,16.67,10,76.92,3.0
Auqib Nabi,84,151,0,24,11,10,IPL,14.0,10.79,,,28.57,104,68.87,4.0
TH David,6,18,0,1,1,2,IPL,1.0,18.0,,,16.67,16,88.89,2.0
NA Saini,15,35,0,2,3,2,IPL,2.5,14.0,,,13.33,24,68.57,3.0
KR Mayers,46,59,0,14,8,0,IPL,7.7,7.66,,,30.43,32,54.24,5.75
R Goyal,24,34,0,6,1,2,IPL,4.0,8.5,,,25.0,16,47.06,8.0
Vivrant Sharma,21,37,0,5,1,3,IPL,3.5,10.57,,,23.81,22,59.46,5.25
JE Root,12,15,0,1,1,0,IPL,2.0,7.5,,,8.33,4,26.67,12.0
LRPL Taylor,13,24,0,0,0,2,IPL,2.2,10.91,,,0.0,12,50.0,6.5
SN Khan,2,6,0,0,1,0,IPL,0.3,20.0,,,0.0,4,66.67,2.0
S Midhun,13,29,0,3,2,2,IPL,2.2,13.18,,,23.08,20,68.97,3.25
S Joseph,30,51,0,9,4,2,IPL,5.0,10.2,,,30.0,28,54.9,5.0
Abdur Razzak,14,29,0,5,3,1,IPL,2.3,12.61,,,35.71,18,62.07,3.5
Arshad Khan (2),13,25,0,4,5,0,IPL,2.2,11.36,,,30.77,20,80.0,2.6
Mandeep Singh,12,26,0,1,1,2,IPL,2.0,13.0,,,8.33,16,61.54,4.0
R Ravindra,12,7,0,5,0,0,IPL,2.0,3.5,,,41.67,0,0.0,
SR Tendulkar,37,59,0,4,6,1,IPL,6.2,9.52,,,10.81,30,50.85,5.29
P Ray Barman,24,56,0,2,3,4,IPL,4.0,14.0,,,8.33,36,64.29,3.43
RA Shaikh,6,11,0,1,2,0,IPL,1.0,11.0,,,16.67,8,72.73,3.0
RS Gavaskar,6,8,0,2,1,0,IPL,1.0,8.0,,,33.33,4,50.0,6.0
Mashrafe Mortaza,28,59,0,6,4,4,IPL,4.7,12.55,,,21.43,40,67.8,3.5
RR Bose,12,24,0,5,5,0,IPL,2.0,12.0,,,41.67,20,83.33,2.4
CJ Dala,19,34,0,7,3,2,IPL,3.2,10.62,,,36.84,24,70.59,3.8
AS Raut,30,45,0,6,4,1,IPL,5.0,9.0,,,20.0,22,48.89,6.0
A Dananjaya,25,47,0,6,2,4,IPL,4.2,11.19,,,24.0,32,68.09,4.17
Naman Dhir,53,76,0,11,6,2,IPL,8.8,8.64,,,20.75,36,47.37,6.62
Sumit Kumar,22,38,0,4,3,2,IPL,3.7,10.27,,,18.18,24,63.16,4.4
SZ Mulani,33,57,0,7,2,4,IPL,5.5,10.36,,,21.21,32,56.14,5.5
H Sharma,30,62,0,2,6,2,IPL,5.0,12.4,,,6.67,36,58.06,3.75
I Malhotra,6,23,0,0,2,2,IPL,1.0,23.0,,,0.0,20,86.96,1.5
M Manhas,42,42,0,15,2,1,IPL,7.0,6.0,,,35.71,14,33.33,14.0
NL McCullum,30,35,0,10,1,2,IPL,5.0,7.0,,,33.33,16,45.71,10.0
AUK Pathan,41,63,0,9,5,2,IPL,6.8,9.26,,,21.95,32,50.79,5.86
C Ganapathy,6,13,0,1,1,1,IPL,1.0,13.0,,,16.67,10,76.92,3.0
AC Voges,56,76,0,15,8,2,IPL,9.3,8.17,,,26.79,44,57.89,5.6
KAJ Roach,52,80,0,20,10,3,IPL,8.7,9.2,,,38.46,58,72.5,4.0
MB Parmar,19,33,0,4,6,0,IPL,3.2,10.31,,,21.05,24,72.73,3.17
FY Fazal,12,20,0,1,1,1,IPL,2.0,10.0,,,8.33,10,50.0,6.0
S Sriram,18,49,0,2,4,4,IPL,3.0,16.33,,,11.11,40,81.63,2.25
NJ Rimmington,18,20,0,9,3,0,IPL,3.0,6.67,,,50.0,12,60.0,6.0
Y Gnaneswara Rao,6,7,0,3,1,0,IPL,1.0,7.0,,,50.0,4,57.14,6.0
P Prasanth,6,18,0,3,0,3,IPL,1.0,18.0,,,50.0,18,100.0,2.0
AA Kazi,13,21,0,2,1,1,IPL,2.2,9.55,,,15.38,10,47.62,6.5
B Chipli,6,20,0,1,1,2,IPL,1.0,20.0,,,16.67,16,80.0,2.0
MW Short,45,64,0,16,5,4,IPL,7.5,8.53,,,35.56,44,68.75,5.0
Mohit Rathee,12,29,0,3,3,2,IPL,2.0,14.5,,,25.0,24,82.76,2.4
R Sanjay Yadav,14,23,0,6,3,1,IPL,2.3,10.0,,,42.86,18,78.26,3.5
Gurnoor Brar,21,42,0,7,4,3,IPL,3.5,12.0,,,33.33,34,80.95,3.0
RW Price,18,33,0,1,2,2,IPL,3.0,11.0,,,5.56,20,60.61,4.5
S Rana,16,18,0,5,2,0,IPL,2.7,6.67,,,31.25,8,44.44,8.0
RA Tripathi,6,12,0,0,2,0,IPL,1.0,12.0,,,0.0,8,66.67,3.0
DJ Harris,18,26,0,4,2,1,IPL,3.0,8.67,,,22.22,14,53.85,6.0
F du Plessis,6,16,0,0,0,2,IPL,1.0,16.0,,,0.0,12,75.0,3.0
RR Bhatkal,12,35,0,0,2,3,IPL,2.0,17.5,,,0.0,26,74.29,2.4
BJ Rohrer,7,12,0,1,2,0,IPL,1.2,10.0,,,14.29,8,66.67,3.5
MG Neser,25,62,0,5,6,4,IPL,4.2,14.76,,,20.0,48,77.42,2.5
